Category,Price,Rating,Stock,Discount,Final_Price,Price_Category,Rating_Label
Home & Garden,5548.0,1.87,In Stock,0.0,5548.0,Premium,Poor
Home & Garden,3045.0,4.76,In Stock,38.0,1887.9,Mid-Range,Excellent
Home & Garden,4004.0,3.05,In Stock,0.0,4004.0,Mid-Range,Good
Home & Garden,4808.0,1.49,In Stock,33.0,3221.36,Mid-Range,Poor
Home & Garden,1817.0,3.05,Out of Stock,23.0,1399.09,Budget,Good
Home & Garden,3522.0,3.05,In Stock,24.0,2676.72,Mid-Range,Good
Home & Garden,667.0,3.67,In Stock,41.0,393.53,Budget,Good
Electronics,7125.0,4.98,Out of Stock,7.0,6626.25,Premium,Excellent
Electronics,2777.0,2.68,In Stock,6.0,2610.38,Mid-Range,Average
Home & Garden,463.0,4.63,In Stock,3.0,449.11,Budget,Excellent
Electronics,1151.0,2.95,In Stock,26.0,851.74,Budget,Average
Electronics,3772.0,4.89,In Stock,45.0,2074.6,Mid-Range,Excellent
Home & Garden,7719.0,2.98,In Stock,4.0,7410.24,Luxury,Average
Home & Garden,8416.0,1.27,In Stock,29.0,5975.36,Luxury,Poor
Clothing,8530.0,3.25,In Stock,10.0,7677.0,Luxury,Good
Electronics,7936.0,3.03,In Stock,44.0,4444.16,Luxury,Good
Clothing,9319.0,3.48,In Stock,28.0,6709.68,Luxury,Good
Home & Garden,4962.0,4.1,In Stock,40.0,2977.2,Mid-Range,Excellent
Sports,2066.0,3.24,In Stock,30.0,1446.2,Budget,Good
Clothing,1784.0,3.25,In Stock,12.0,1569.92,Budget,Good
Home & Garden,5589.0,3.05,In Stock,39.0,3409.29,Premium,Good
Home & Garden,4962.0,3.05,Out of Stock,25.0,3721.5,Mid-Range,Good
Home & Garden,4176.0,2.26,In Stock,42.0,2422.08,Mid-Range,Average
Sports,407.0,2.77,In Stock,44.0,227.92,Budget,Average
Home & Garden,7011.0,3.05,In Stock,38.0,4346.82,Premium,Good
Home & Garden,8418.0,3.05,In Stock,24.0,6397.68,Luxury,Good
Home & Garden,3405.0,3.05,In Stock,48.0,1770.6,Mid-Range,Good
Sports,1732.0,3.24,In Stock,26.0,1281.68,Budget,Good
Clothing,5850.0,2.26,Out of Stock,43.0,3334.5,Premium,Average
Home & Garden,4962.0,2.36,In Stock,22.0,3870.36,Mid-Range,Average
Home & Garden,704.0,3.05,In Stock,47.0,373.12,Budget,Good
Home & Garden,2343.0,1.86,Out of Stock,17.0,1944.69,Budget,Poor
Home & Garden,4962.0,3.05,In Stock,24.0,3771.12,Mid-Range,Good
Home & Garden,1910.0,3.85,Out of Stock,14.0,1642.6,Budget,Good
Home & Garden,9307.0,3.05,Out of Stock,21.0,7352.53,Luxury,Good
Home & Garden,2331.0,3.95,In Stock,43.0,1328.67,Budget,Good
Sports,6164.0,4.31,Out of Stock,1.0,6102.36,Premium,Excellent
Clothing,8060.0,1.91,Out of Stock,43.0,4594.2,Luxury,Poor
Home & Garden,5607.0,4.79,In Stock,15.0,4765.95,Premium,Excellent
Home & Garden,4730.0,3.05,In Stock,30.0,3311.0,Mid-Range,Good
Home & Garden,9230.0,3.05,In Stock,8.0,8491.6,Luxury,Good
Home & Garden,1112.0,3.05,In Stock,38.0,689.44,Budget,Good
Home & Garden,4390.0,3.05,In Stock,34.0,2897.4,Mid-Range,Good
Home & Garden,8484.0,3.05,Out of Stock,36.0,5429.76,Luxury,Good
Sports,6415.0,4.98,Out of Stock,12.0,5645.2,Premium,Excellent
Home & Garden,4589.0,3.05,Out of Stock,47.0,2432.17,Mid-Range,Good
Electronics,2260.0,3.03,In Stock,37.0,1423.8,Budget,Good
Home & Garden,1759.0,4.46,In Stock,37.0,1108.17,Budget,Excellent
Home & Garden,7190.0,1.92,In Stock,24.0,5464.4,Premium,Poor
Home & Garden,8675.0,2.78,Out of Stock,24.0,6593.0,Luxury,Average
Home & Garden,5412.0,3.05,Out of Stock,24.0,4113.12,Premium,Good
Electronics,6304.0,3.03,In Stock,31.0,4349.76,Premium,Good
Home & Garden,9870.0,2.8,Out of Stock,37.0,6218.1,Luxury,Average
Home & Garden,1134.0,2.89,In Stock,15.0,963.9,Budget,Average
Clothing,9795.0,3.25,In Stock,17.0,8129.85,Luxury,Good
Clothing,3445.0,3.25,In Stock,3.0,3341.65,Mid-Range,Good
Home & Garden,8421.0,1.34,In Stock,2.0,8252.58,Luxury,Poor
Home & Garden,3236.0,4.95,Out of Stock,2.0,3171.28,Mid-Range,Excellent
Home & Garden,1624.0,3.05,Out of Stock,34.0,1071.84,Budget,Good
Home & Garden,806.0,4.17,In Stock,8.0,741.52,Budget,Excellent
Home & Garden,9888.0,3.05,In Stock,29.0,7020.48,Luxury,Good
Home & Garden,8773.0,1.87,Out of Stock,17.0,7281.59,Luxury,Poor
Sports,3977.0,3.24,Out of Stock,32.0,2704.36,Mid-Range,Good
Sports,2251.0,3.24,In Stock,25.0,1688.25,Budget,Good
Home & Garden,7842.0,3.05,In Stock,30.0,5489.4,Luxury,Good
Electronics,5006.0,3.84,Out of Stock,26.0,3704.44,Premium,Good
Home & Garden,3182.0,3.05,In Stock,13.0,2768.34,Mid-Range,Good
Home & Garden,1136.0,3.05,In Stock,19.0,920.16,Budget,Good
Home & Garden,1066.0,3.05,Out of Stock,10.0,959.4,Budget,Good
Clothing,1029.0,4.46,In Stock,38.0,637.98,Budget,Excellent
Home & Garden,1788.0,3.05,Out of Stock,7.0,1662.84,Budget,Good
Home & Garden,6249.0,3.05,In Stock,16.0,5249.16,Premium,Good
Sports,8026.0,3.24,In Stock,46.0,4334.04,Luxury,Good
Electronics,9516.0,1.66,In Stock,5.0,9040.2,Luxury,Poor
Home & Garden,859.0,1.23,In Stock,49.0,438.09,Budget,Poor
Home & Garden,6792.0,2.49,In Stock,26.0,5026.08,Premium,Average
Home & Garden,8631.0,3.31,In Stock,10.0,7767.9,Luxury,Good
Home & Garden,6491.0,4.65,In Stock,16.0,5452.44,Premium,Excellent
Home & Garden,4962.0,4.04,In Stock,33.0,3324.54,Mid-Range,Excellent
Sports,642.0,1.6,Out of Stock,28.0,462.24,Budget,Poor
Clothing,4222.0,4.21,In Stock,20.0,3377.6,Mid-Range,Excellent
Electronics,1962.0,4.98,In Stock,6.0,1844.28,Budget,Excellent
Home & Garden,2119.0,3.66,In Stock,40.0,1271.4,Budget,Good
Home & Garden,1441.0,3.41,In Stock,43.0,821.37,Budget,Good
Home & Garden,6884.0,3.05,In Stock,49.0,3510.84,Premium,Good
Sports,2544.0,3.24,In Stock,26.0,1882.56,Mid-Range,Good
Clothing,6114.0,3.25,In Stock,44.0,3423.84,Premium,Good
Home & Garden,8117.0,3.05,In Stock,45.0,4464.35,Luxury,Good
Home & Garden,4962.0,2.58,Out of Stock,36.0,3175.68,Mid-Range,Average
Electronics,4077.0,3.03,Out of Stock,28.0,2935.44,Mid-Range,Good
Sports,2877.0,3.13,Out of Stock,49.0,1467.27,Mid-Range,Good
Clothing,8723.0,3.75,In Stock,41.0,5146.57,Luxury,Good
Home & Garden,8651.0,4.28,In Stock,2.0,8477.98,Luxury,Excellent
Home & Garden,3282.0,3.05,Out of Stock,40.0,1969.2,Mid-Range,Good
Sports,9493.0,2.78,Out of Stock,34.0,6265.38,Luxury,Average
Home & Garden,6578.0,3.13,In Stock,28.0,4736.16,Premium,Good
Home & Garden,7187.0,3.05,In Stock,12.0,6324.56,Premium,Good
Home & Garden,1435.0,3.05,In Stock,23.0,1104.95,Budget,Good
Home & Garden,1561.0,2.86,In Stock,6.0,1467.34,Budget,Average
Home & Garden,2778.0,4.65,In Stock,43.0,1583.46,Mid-Range,Excellent
Electronics,4752.0,4.59,In Stock,1.0,4704.48,Mid-Range,Excellent
Home & Garden,4502.0,3.05,In Stock,40.0,2701.2,Mid-Range,Good
Home & Garden,4962.0,3.05,In Stock,1.0,4912.38,Mid-Range,Good
Home & Garden,578.0,3.69,Out of Stock,36.0,369.92,Budget,Good
Home & Garden,3137.0,2.53,Out of Stock,49.0,1599.87,Mid-Range,Average
Home & Garden,7417.0,3.52,In Stock,43.0,4227.69,Premium,Good
Home & Garden,8024.0,3.05,In Stock,2.0,7863.52,Luxury,Good
Home & Garden,5250.0,3.05,In Stock,6.0,4935.0,Premium,Good
Home & Garden,6554.0,3.05,In Stock,29.0,4653.34,Premium,Good
Home & Garden,7267.0,3.05,In Stock,24.0,5522.92,Premium,Good
Home & Garden,6122.0,2.57,In Stock,15.0,5203.7,Premium,Average
Home & Garden,1362.0,3.91,Out of Stock,24.0,1035.12,Budget,Good
Home & Garden,6562.0,3.62,Out of Stock,3.0,6365.14,Premium,Good
Home & Garden,6879.0,3.05,In Stock,8.0,6328.68,Premium,Good
Sports,6117.0,4.86,In Stock,4.0,5872.32,Premium,Excellent
Home & Garden,3182.0,4.87,In Stock,49.0,1622.82,Mid-Range,Excellent
Home & Garden,5427.0,3.05,Out of Stock,15.0,4612.95,Premium,Good
Home & Garden,251.0,3.05,In Stock,21.0,198.29,Budget,Good
Home & Garden,6250.0,3.05,In Stock,33.0,4187.5,Premium,Good
Sports,4580.0,1.53,In Stock,39.0,2793.8,Mid-Range,Poor
Home & Garden,9161.0,2.6,In Stock,49.0,4672.11,Luxury,Average
Home & Garden,5821.0,1.17,Out of Stock,17.0,4831.43,Premium,Poor
Home & Garden,9990.0,3.05,Out of Stock,19.0,8091.9,Luxury,Good
Home & Garden,4347.0,2.57,In Stock,3.0,4216.59,Mid-Range,Average
Sports,2697.0,1.92,In Stock,30.0,1887.9,Mid-Range,Poor
Home & Garden,9160.0,4.39,Out of Stock,29.0,6503.6,Luxury,Excellent
Home & Garden,2072.0,3.05,In Stock,10.0,1864.8,Budget,Good
Home & Garden,2122.0,4.86,Out of Stock,29.0,1506.62,Budget,Excellent
Home & Garden,8731.0,3.05,Out of Stock,38.0,5413.22,Luxury,Good
Sports,5031.0,3.24,In Stock,4.0,4829.76,Premium,Good
Electronics,6557.0,3.03,Out of Stock,32.0,4458.76,Premium,Good
Home & Garden,3981.0,3.05,In Stock,41.0,2348.79,Mid-Range,Good
Home & Garden,9459.0,3.49,Out of Stock,42.0,5486.22,Luxury,Good
Home & Garden,3763.0,3.05,In Stock,13.0,3273.81,Mid-Range,Good
Electronics,2466.0,3.03,In Stock,12.0,2170.08,Budget,Good
Electronics,6348.0,3.03,In Stock,29.0,4507.08,Premium,Good
Home & Garden,6345.0,3.05,Out of Stock,4.0,6091.2,Premium,Good
Home & Garden,4781.0,3.24,Out of Stock,3.0,4637.57,Mid-Range,Good
Clothing,8345.0,3.25,Out of Stock,41.0,4923.55,Luxury,Good
Electronics,5459.0,3.03,Out of Stock,33.0,3657.53,Premium,Good
Electronics,8521.0,1.08,Out of Stock,40.0,5112.6,Luxury,Poor
Home & Garden,2649.0,1.99,In Stock,25.0,1986.75,Mid-Range,Poor
Home & Garden,3101.0,1.92,In Stock,6.0,2914.94,Mid-Range,Poor
Sports,357.0,3.24,Out of Stock,32.0,242.76,Budget,Good
Clothing,4299.0,2.94,In Stock,29.0,3052.29,Mid-Range,Average
Home & Garden,9799.0,3.05,Out of Stock,34.0,6467.34,Luxury,Good
Electronics,8832.0,3.03,In Stock,17.0,7330.56,Luxury,Good
Electronics,8251.0,4.05,In Stock,28.0,5940.72,Luxury,Excellent
Electronics,1465.0,1.84,In Stock,26.0,1084.1,Budget,Poor
Electronics,9825.0,3.03,Out of Stock,22.0,7663.5,Luxury,Good
Home & Garden,6442.0,3.05,In Stock,34.0,4251.72,Premium,Good
Clothing,7624.0,3.25,In Stock,5.0,7242.8,Luxury,Good
Clothing,4061.0,2.88,In Stock,28.0,2923.92,Mid-Range,Average
Home & Garden,190.0,3.05,In Stock,0.0,190.0,Budget,Good
Home & Garden,4643.0,3.19,In Stock,4.0,4457.28,Mid-Range,Good
Home & Garden,5219.0,3.05,Out of Stock,49.0,2661.69,Premium,Good
Home & Garden,1197.0,1.3,Out of Stock,24.0,909.72,Budget,Poor
Clothing,8205.0,4.76,Out of Stock,35.0,5333.25,Luxury,Excellent
Home & Garden,3125.0,3.3,In Stock,24.0,2375.0,Mid-Range,Good
Sports,7239.0,3.61,In Stock,48.0,3764.28,Premium,Good
Home & Garden,262.0,3.05,In Stock,36.0,167.68,Budget,Good
Home & Garden,7826.0,3.58,In Stock,6.0,7356.44,Luxury,Good
Home & Garden,8532.0,4.63,In Stock,42.0,4948.56,Luxury,Excellent
Sports,4625.0,1.72,In Stock,36.0,2960.0,Mid-Range,Poor
Home & Garden,4668.0,1.76,In Stock,23.0,3594.36,Mid-Range,Poor
Electronics,5268.0,3.03,In Stock,48.0,2739.36,Premium,Good
Home & Garden,249.0,2.08,In Stock,15.0,211.65,Budget,Average
Home & Garden,5908.0,3.05,In Stock,42.0,3426.64,Premium,Good
Clothing,9697.0,3.25,In Stock,26.0,7175.78,Luxury,Good
Clothing,8458.0,3.25,In Stock,18.0,6935.56,Luxury,Good
Home & Garden,4741.0,3.05,In Stock,27.0,3460.93,Mid-Range,Good
Electronics,6943.0,3.03,In Stock,42.0,4026.94,Premium,Good
Home & Garden,4962.0,3.05,In Stock,11.0,4416.18,Mid-Range,Good
Home & Garden,758.0,1.25,In Stock,28.0,545.76,Budget,Poor
Home & Garden,3169.0,2.62,In Stock,25.0,2376.75,Mid-Range,Average
Home & Garden,7953.0,1.57,In Stock,39.0,4851.33,Luxury,Poor
Home & Garden,8793.0,3.01,Out of Stock,6.0,8265.42,Luxury,Good
Sports,9114.0,3.24,In Stock,27.0,6653.22,Luxury,Good
Home & Garden,8893.0,2.52,In Stock,24.0,6758.68,Luxury,Average
Electronics,8713.0,2.38,In Stock,30.0,6099.1,Luxury,Average
Electronics,1269.0,3.03,In Stock,38.0,786.78,Budget,Good
Home & Garden,8069.0,3.05,In Stock,31.0,5567.61,Luxury,Good
Sports,6751.0,2.34,In Stock,2.0,6615.98,Premium,Average
Home & Garden,4970.0,2.37,In Stock,5.0,4721.5,Mid-Range,Average
Home & Garden,2323.0,3.05,In Stock,24.0,1765.48,Budget,Good
Home & Garden,4962.0,3.05,In Stock,0.0,4962.0,Mid-Range,Good
Electronics,5515.0,4.71,Out of Stock,26.0,4081.1,Premium,Excellent
Home & Garden,8846.0,1.36,In Stock,4.0,8492.16,Luxury,Poor
Home & Garden,2584.0,3.05,Out of Stock,1.0,2558.16,Mid-Range,Good
Home & Garden,7911.0,2.77,Out of Stock,37.0,4983.93,Luxury,Average
Sports,6799.0,3.24,Out of Stock,29.0,4827.29,Premium,Good
Home & Garden,4620.0,4.34,In Stock,10.0,4158.0,Mid-Range,Excellent
Home & Garden,9424.0,1.08,Out of Stock,24.0,7162.24,Luxury,Poor
Home & Garden,8409.0,1.7,Out of Stock,29.0,5970.39,Luxury,Poor
Home & Garden,9063.0,3.62,Out of Stock,24.0,6887.88,Luxury,Good
Home & Garden,8405.0,1.22,In Stock,48.0,4370.6,Luxury,Poor
Home & Garden,8070.0,4.22,In Stock,20.0,6456.0,Luxury,Excellent
Sports,7564.0,2.58,In Stock,35.0,4916.6,Luxury,Average
Sports,8555.0,2.38,Out of Stock,22.0,6672.9,Luxury,Average
Home & Garden,1870.0,3.05,In Stock,32.0,1271.6,Budget,Good
Home & Garden,6864.0,2.89,In Stock,10.0,6177.6,Premium,Average
Home & Garden,439.0,2.36,In Stock,0.0,439.0,Budget,Average
Electronics,1425.0,1.8,In Stock,15.0,1211.25,Budget,Poor
Home & Garden,1612.0,3.03,In Stock,16.0,1354.08,Budget,Good
Home & Garden,1894.0,2.33,Out of Stock,24.0,1439.44,Budget,Average
Home & Garden,8975.0,4.47,Out of Stock,32.0,6103.0,Luxury,Excellent
Home & Garden,807.0,3.05,In Stock,13.0,702.09,Budget,Good
Home & Garden,2297.0,3.05,Out of Stock,21.0,1814.63,Budget,Good
Home & Garden,7800.0,3.05,In Stock,5.0,7410.0,Luxury,Good
Clothing,1493.0,3.38,Out of Stock,45.0,821.15,Budget,Good
Home & Garden,2602.0,3.05,In Stock,0.0,2602.0,Mid-Range,Good
Sports,5381.0,4.77,Out of Stock,10.0,4842.9,Premium,Excellent
Clothing,5429.0,1.75,In Stock,6.0,5103.26,Premium,Poor
Home & Garden,734.0,3.05,In Stock,10.0,660.6,Budget,Good
Clothing,3365.0,4.18,In Stock,29.0,2389.15,Mid-Range,Excellent
Sports,9318.0,3.32,In Stock,18.0,7640.76,Luxury,Good
Home & Garden,5220.0,3.05,In Stock,0.0,5220.0,Premium,Good
Home & Garden,381.0,3.09,In Stock,17.0,316.23,Budget,Good
Home & Garden,8707.0,3.05,Out of Stock,39.0,5311.27,Luxury,Good
Home & Garden,3604.0,3.05,In Stock,17.0,2991.32,Mid-Range,Good
Home & Garden,5078.0,4.39,Out of Stock,6.0,4773.32,Premium,Excellent
Home & Garden,8070.0,3.05,In Stock,28.0,5810.4,Luxury,Good
Home & Garden,721.0,3.05,In Stock,24.0,547.96,Budget,Good
Home & Garden,6921.0,3.05,Out of Stock,37.0,4360.23,Premium,Good
Sports,2622.0,3.24,In Stock,22.0,2045.16,Mid-Range,Good
Home & Garden,7231.0,3.05,In Stock,6.0,6797.14,Premium,Good
Home & Garden,340.0,3.05,Out of Stock,27.0,248.2,Budget,Good
Home & Garden,9212.0,3.05,In Stock,0.0,9212.0,Luxury,Good
Home & Garden,6472.0,3.05,In Stock,27.0,4724.56,Premium,Good
Home & Garden,3978.0,3.05,Out of Stock,19.0,3222.18,Mid-Range,Good
Home & Garden,5746.0,3.05,Out of Stock,2.0,5631.08,Premium,Good
Home & Garden,3956.0,3.46,In Stock,23.0,3046.12,Mid-Range,Good
Sports,8757.0,3.24,In Stock,49.0,4466.07,Luxury,Good
Home & Garden,2820.0,3.09,In Stock,21.0,2227.8,Mid-Range,Good
Sports,2001.0,3.24,Out of Stock,23.0,1540.77,Budget,Good
Home & Garden,412.0,3.76,Out of Stock,21.0,325.48,Budget,Good
Home & Garden,6675.0,3.05,In Stock,43.0,3804.75,Premium,Good
Electronics,4317.0,3.03,Out of Stock,13.0,3755.79,Mid-Range,Good
Home & Garden,8507.0,4.58,Out of Stock,41.0,5019.13,Luxury,Excellent
Home & Garden,6784.0,2.09,Out of Stock,13.0,5902.08,Premium,Average
Home & Garden,7635.0,3.05,Out of Stock,5.0,7253.25,Luxury,Good
Home & Garden,9529.0,1.46,In Stock,31.0,6575.01,Luxury,Poor
Home & Garden,1595.0,1.31,In Stock,37.0,1004.85,Budget,Poor
Home & Garden,5669.0,3.05,Out of Stock,38.0,3514.78,Premium,Good
Home & Garden,5861.0,1.47,Out of Stock,40.0,3516.6,Premium,Poor
Home & Garden,2349.0,3.05,Out of Stock,48.0,1221.48,Budget,Good
Home & Garden,5766.0,3.05,Out of Stock,3.0,5593.02,Premium,Good
Home & Garden,7362.0,3.05,Out of Stock,33.0,4932.54,Premium,Good
Home & Garden,3256.0,2.77,In Stock,45.0,1790.8,Mid-Range,Average
Home & Garden,9284.0,3.05,Out of Stock,45.0,5106.2,Luxury,Good
Home & Garden,8597.0,3.52,In Stock,23.0,6619.69,Luxury,Good
Home & Garden,4405.0,1.1,In Stock,33.0,2951.35,Mid-Range,Poor
Home & Garden,2117.0,3.05,In Stock,45.0,1164.35,Budget,Good
Electronics,8642.0,3.03,In Stock,43.0,4925.94,Luxury,Good
Home & Garden,4962.0,3.05,Out of Stock,3.0,4813.14,Mid-Range,Good
Electronics,6022.0,3.03,In Stock,48.0,3131.44,Premium,Good
Home & Garden,8132.0,2.77,In Stock,15.0,6912.2,Luxury,Average
Home & Garden,3170.0,2.2,In Stock,18.0,2599.4,Mid-Range,Average
Home & Garden,2608.0,1.87,In Stock,8.0,2399.36,Mid-Range,Poor
Home & Garden,9544.0,1.51,In Stock,47.0,5058.32,Luxury,Poor
Home & Garden,6220.0,1.41,In Stock,32.0,4229.6,Premium,Poor
Home & Garden,1959.0,4.96,Out of Stock,45.0,1077.45,Budget,Excellent
Electronics,1403.0,3.03,In Stock,26.0,1038.22,Budget,Good
Home & Garden,3713.0,3.05,Out of Stock,32.0,2524.84,Mid-Range,Good
Home & Garden,6148.0,3.05,In Stock,3.0,5963.56,Premium,Good
Home & Garden,3862.0,3.81,In Stock,22.0,3012.36,Mid-Range,Good
Sports,9438.0,3.69,Out of Stock,36.0,6040.32,Luxury,Good
Clothing,395.0,3.25,In Stock,24.0,300.2,Budget,Good
Home & Garden,6080.0,4.13,Out of Stock,18.0,4985.6,Premium,Excellent
Home & Garden,5296.0,2.74,Out of Stock,34.0,3495.36,Premium,Average
Home & Garden,5348.0,1.59,Out of Stock,31.0,3690.12,Premium,Poor
Home & Garden,6248.0,2.89,In Stock,39.0,3811.28,Premium,Average
Home & Garden,8369.0,1.77,In Stock,44.0,4686.64,Luxury,Poor
Home & Garden,3155.0,2.76,In Stock,6.0,2965.7,Mid-Range,Average
Home & Garden,2539.0,3.05,In Stock,9.0,2310.49,Mid-Range,Good
Home & Garden,3112.0,3.05,Out of Stock,16.0,2614.08,Mid-Range,Good
Sports,2489.0,4.67,In Stock,42.0,1443.62,Budget,Excellent
Home & Garden,5533.0,3.05,In Stock,34.0,3651.78,Premium,Good
Home & Garden,8603.0,1.9,Out of Stock,35.0,5591.95,Luxury,Poor
Home & Garden,6989.0,3.05,Out of Stock,10.0,6290.1,Premium,Good
Sports,3064.0,1.78,Out of Stock,22.0,2389.92,Mid-Range,Poor
Home & Garden,176.0,3.05,Out of Stock,33.0,117.92,Budget,Good
Home & Garden,8159.0,3.1,Out of Stock,31.0,5629.71,Luxury,Good
Electronics,5080.0,2.12,Out of Stock,1.0,5029.2,Premium,Average
Home & Garden,5642.0,3.05,In Stock,28.0,4062.24,Premium,Good
Home & Garden,7027.0,1.82,In Stock,24.0,5340.52,Premium,Poor
Home & Garden,8407.0,1.13,Out of Stock,38.0,5212.34,Luxury,Poor
Home & Garden,878.0,3.05,In Stock,41.0,518.02,Budget,Good
Home & Garden,2546.0,1.16,Out of Stock,34.0,1680.36,Mid-Range,Poor
Home & Garden,9537.0,3.05,Out of Stock,25.0,7152.75,Luxury,Good
Home & Garden,9600.0,3.32,In Stock,32.0,6528.0,Luxury,Good
Home & Garden,7194.0,3.33,In Stock,38.0,4460.28,Premium,Good
Home & Garden,6968.0,3.74,In Stock,24.0,5295.68,Premium,Good
Home & Garden,6292.0,1.16,Out of Stock,17.0,5222.36,Premium,Poor
Home & Garden,4870.0,3.05,Out of Stock,14.0,4188.2,Mid-Range,Good
Home & Garden,6737.0,3.05,In Stock,38.0,4176.94,Premium,Good
Home & Garden,250.0,1.44,In Stock,30.0,175.0,Budget,Poor
Home & Garden,4962.0,3.43,In Stock,7.0,4614.66,Mid-Range,Good
Home & Garden,312.0,1.54,In Stock,39.0,190.32,Budget,Poor
Sports,8394.0,1.82,Out of Stock,22.0,6547.32,Luxury,Poor
Home & Garden,1421.0,4.23,In Stock,24.0,1079.96,Budget,Excellent
Home & Garden,8693.0,3.19,In Stock,24.0,6606.68,Luxury,Good
Home & Garden,2846.0,3.64,In Stock,6.0,2675.24,Mid-Range,Good
Home & Garden,3671.0,3.05,In Stock,47.0,1945.63,Mid-Range,Good
Home & Garden,766.0,3.46,In Stock,19.0,620.46,Budget,Good
Home & Garden,615.0,3.05,Out of Stock,2.0,602.7,Budget,Good
Home & Garden,4309.0,3.05,Out of Stock,17.0,3576.47,Mid-Range,Good
Home & Garden,2947.0,1.09,Out of Stock,24.0,2239.72,Mid-Range,Poor
Home & Garden,2841.0,2.51,In Stock,40.0,1704.6,Mid-Range,Average
Clothing,3923.0,1.48,In Stock,10.0,3530.7,Mid-Range,Poor
Home & Garden,5658.0,3.96,In Stock,29.0,4017.18,Premium,Good
Home & Garden,6759.0,3.05,Out of Stock,35.0,4393.35,Premium,Good
Home & Garden,685.0,3.05,Out of Stock,24.0,520.6,Budget,Good
Home & Garden,5206.0,3.05,In Stock,35.0,3383.9,Premium,Good
Home & Garden,5814.0,4.16,Out of Stock,12.0,5116.32,Premium,Excellent
Home & Garden,1419.0,2.38,In Stock,1.0,1404.81,Budget,Average
Electronics,6016.0,1.84,In Stock,1.0,5955.84,Premium,Poor
Home & Garden,5961.0,3.05,In Stock,18.0,4888.02,Premium,Good
Home & Garden,9489.0,3.05,In Stock,5.0,9014.55,Luxury,Good
Home & Garden,1558.0,3.05,In Stock,12.0,1371.04,Budget,Good
Home & Garden,3892.0,1.98,In Stock,6.0,3658.48,Mid-Range,Poor
Home & Garden,6904.0,3.05,Out of Stock,36.0,4418.56,Premium,Good
Home & Garden,663.0,3.08,Out of Stock,5.0,629.85,Budget,Good
Electronics,1910.0,4.82,In Stock,26.0,1413.4,Budget,Excellent
Home & Garden,2804.0,1.35,Out of Stock,35.0,1822.6,Mid-Range,Poor
Sports,8625.0,4.03,In Stock,36.0,5520.0,Luxury,Excellent
Home & Garden,8800.0,4.37,Out of Stock,26.0,6512.0,Luxury,Excellent
Home & Garden,3689.0,3.05,Out of Stock,3.0,3578.33,Mid-Range,Good
Electronics,6869.0,3.01,Out of Stock,49.0,3503.19,Premium,Good
Home & Garden,3601.0,3.05,In Stock,22.0,2808.78,Mid-Range,Good
Home & Garden,6657.0,3.05,In Stock,47.0,3528.21,Premium,Good
Home & Garden,4962.0,3.05,Out of Stock,35.0,3225.3,Mid-Range,Good
Sports,5146.0,3.24,In Stock,10.0,4631.4,Premium,Good
Clothing,4242.0,3.99,Out of Stock,47.0,2248.26,Mid-Range,Good
Home & Garden,7098.0,1.3,In Stock,23.0,5465.46,Premium,Poor
Electronics,3348.0,3.03,In Stock,16.0,2812.32,Mid-Range,Good
Home & Garden,4592.0,3.05,Out of Stock,25.0,3444.0,Mid-Range,Good
Electronics,7005.0,3.03,In Stock,22.0,5463.9,Premium,Good
Electronics,5074.0,3.03,Out of Stock,41.0,2993.66,Premium,Good
Electronics,9602.0,3.03,In Stock,31.0,6625.38,Luxury,Good
Home & Garden,3742.0,4.21,In Stock,19.0,3031.02,Mid-Range,Excellent
Sports,454.0,3.24,Out of Stock,32.0,308.72,Budget,Good
Home & Garden,4903.0,4.62,In Stock,39.0,2990.83,Mid-Range,Excellent
Home & Garden,9658.0,3.05,Out of Stock,15.0,8209.3,Luxury,Good
Home & Garden,4198.0,3.05,Out of Stock,29.0,2980.58,Mid-Range,Good
Electronics,6336.0,3.65,In Stock,11.0,5639.04,Premium,Good
Home & Garden,9794.0,4.43,In Stock,39.0,5974.34,Luxury,Excellent
Sports,2201.0,3.24,In Stock,25.0,1650.75,Budget,Good
Home & Garden,5323.0,3.05,Out of Stock,16.0,4471.32,Premium,Good
Electronics,9152.0,4.77,Out of Stock,11.0,8145.28,Luxury,Excellent
Home & Garden,5420.0,3.05,Out of Stock,21.0,4281.8,Premium,Good
Sports,4763.0,3.24,Out of Stock,11.0,4239.07,Mid-Range,Good
Home & Garden,247.0,3.05,In Stock,24.0,187.72,Budget,Good
Home & Garden,2060.0,4.74,Out of Stock,24.0,1565.6,Budget,Excellent
Electronics,3372.0,3.03,In Stock,5.0,3203.4,Mid-Range,Good
Sports,8544.0,3.24,In Stock,29.0,6066.24,Luxury,Good
Home & Garden,4962.0,3.05,In Stock,47.0,2629.86,Mid-Range,Good
Home & Garden,3299.0,3.0,Out of Stock,32.0,2243.32,Mid-Range,Average
Home & Garden,2107.0,3.05,Out of Stock,11.0,1875.23,Budget,Good
Home & Garden,6765.0,3.4,In Stock,35.0,4397.25,Premium,Good
Home & Garden,1853.0,3.05,Out of Stock,11.0,1649.17,Budget,Good
Home & Garden,8773.0,3.89,Out of Stock,24.0,6667.48,Luxury,Good
Home & Garden,6671.0,3.05,In Stock,30.0,4669.7,Premium,Good
Home & Garden,8398.0,3.41,Out of Stock,4.0,8062.08,Luxury,Good
Sports,8742.0,3.24,In Stock,4.0,8392.32,Luxury,Good
Home & Garden,8334.0,2.56,In Stock,16.0,7000.56,Luxury,Average
Clothing,2790.0,3.25,In Stock,24.5,2106.45,Mid-Range,Good
Clothing,6781.0,3.25,Out of Stock,21.0,5356.99,Premium,Good
Home & Garden,1215.0,2.38,In Stock,30.0,850.5,Budget,Average
Electronics,4745.0,3.03,In Stock,14.0,4080.7,Mid-Range,Good
Home & Garden,8857.0,3.05,In Stock,15.0,7528.45,Luxury,Good
Sports,2882.0,3.69,Out of Stock,26.0,2132.68,Mid-Range,Good
Home & Garden,6234.0,3.05,In Stock,28.0,4488.48,Premium,Good
Home & Garden,1214.0,1.49,In Stock,4.0,1165.44,Budget,Poor
Electronics,6991.0,1.1,In Stock,21.0,5522.89,Premium,Poor
Home & Garden,3364.0,3.05,Out of Stock,3.0,3263.08,Mid-Range,Good
Home & Garden,8785.0,1.23,Out of Stock,11.0,7818.65,Luxury,Poor
Home & Garden,7313.0,3.05,Out of Stock,1.0,7239.87,Premium,Good
Home & Garden,9999.0,1.83,In Stock,30.0,6999.3,Luxury,Poor
Home & Garden,8760.0,3.05,In Stock,49.0,4467.6,Luxury,Good
Clothing,7933.0,3.25,In Stock,36.0,5077.12,Luxury,Good
Home & Garden,6092.0,2.6,Out of Stock,39.0,3716.12,Premium,Average
Home & Garden,5178.0,3.34,In Stock,20.0,4142.4,Premium,Good
Home & Garden,8863.0,3.05,Out of Stock,24.0,6735.88,Luxury,Good
Sports,8514.0,4.7,Out of Stock,46.0,4597.56,Luxury,Excellent
Electronics,7939.0,1.82,Out of Stock,48.0,4128.28,Luxury,Poor
Electronics,1439.0,1.5,In Stock,28.0,1036.08,Budget,Poor
Home & Garden,6981.0,3.05,Out of Stock,24.0,5305.56,Premium,Good
Home & Garden,7682.0,2.31,Out of Stock,22.0,5991.96,Luxury,Average
Home & Garden,5937.0,3.05,In Stock,24.0,4512.12,Premium,Good
Electronics,185.0,3.03,Out of Stock,9.0,168.35,Budget,Good
Home & Garden,5796.0,3.05,In Stock,44.0,3245.76,Premium,Good
Home & Garden,3646.0,3.05,Out of Stock,33.0,2442.82,Mid-Range,Good
Home & Garden,6547.0,3.59,In Stock,6.0,6154.18,Premium,Good
Home & Garden,1523.0,1.25,Out of Stock,22.0,1187.94,Budget,Poor
Home & Garden,9483.0,2.82,In Stock,24.0,7207.08,Luxury,Average
Home & Garden,9045.0,3.05,In Stock,39.0,5517.45,Luxury,Good
Home & Garden,7897.0,3.05,In Stock,27.0,5764.81,Luxury,Good
Home & Garden,7384.0,3.05,Out of Stock,24.0,5611.84,Premium,Good
Electronics,597.0,3.03,Out of Stock,40.0,358.2,Budget,Good
Home & Garden,6194.0,3.22,In Stock,14.0,5326.84,Premium,Good
Home & Garden,1454.0,3.05,In Stock,37.0,916.02,Budget,Good
Home & Garden,8628.0,3.05,In Stock,14.0,7420.08,Luxury,Good
Sports,5031.0,3.24,In Stock,43.0,2867.67,Premium,Good
Home & Garden,1401.0,3.05,In Stock,24.0,1064.76,Budget,Good
Home & Garden,9590.0,3.05,In Stock,41.0,5658.1,Luxury,Good
Home & Garden,4467.0,3.05,In Stock,0.0,4467.0,Mid-Range,Good
Home & Garden,8003.0,1.27,Out of Stock,5.0,7602.85,Luxury,Poor
Home & Garden,5934.0,3.05,In Stock,18.0,4865.88,Premium,Good
Home & Garden,2861.0,4.2,In Stock,24.0,2174.36,Mid-Range,Excellent
Home & Garden,5376.0,1.73,In Stock,8.0,4945.92,Premium,Poor
Home & Garden,4887.0,3.05,In Stock,23.0,3762.99,Mid-Range,Good
Home & Garden,3204.0,3.09,In Stock,35.0,2082.6,Mid-Range,Good
Home & Garden,8557.0,3.05,Out of Stock,10.0,7701.3,Luxury,Good
Sports,3152.0,1.57,In Stock,6.0,2962.88,Mid-Range,Poor
Home & Garden,1386.0,3.05,In Stock,23.0,1067.22,Budget,Good
Sports,6728.0,3.24,In Stock,39.0,4104.08,Premium,Good
Home & Garden,2194.0,1.06,Out of Stock,22.0,1711.32,Budget,Poor
Home & Garden,7452.0,3.05,In Stock,14.0,6408.72,Premium,Good
Home & Garden,5192.0,1.66,Out of Stock,24.0,3945.92,Premium,Poor
Home & Garden,9782.0,2.47,In Stock,24.0,7434.32,Luxury,Average
Home & Garden,7433.0,3.05,In Stock,12.0,6541.04,Premium,Good
Home & Garden,5036.0,3.05,Out of Stock,24.0,3827.36,Premium,Good
Home & Garden,4740.0,3.05,Out of Stock,42.0,2749.2,Mid-Range,Good
Sports,1263.0,3.24,In Stock,26.0,934.62,Budget,Good
Sports,8357.0,1.76,In Stock,37.0,5264.91,Luxury,Poor
Home & Garden,4883.0,3.36,In Stock,20.0,3906.4,Mid-Range,Good
Home & Garden,8437.0,3.88,Out of Stock,21.0,6665.23,Luxury,Good
Home & Garden,3543.0,3.55,In Stock,6.0,3330.42,Mid-Range,Good
Home & Garden,6441.0,3.05,In Stock,0.0,6441.0,Premium,Good
Electronics,8882.0,3.03,In Stock,28.0,6395.04,Luxury,Good
Sports,731.0,3.24,In Stock,16.0,614.04,Budget,Good
Clothing,9812.0,3.76,In Stock,25.0,7359.0,Luxury,Good
Home & Garden,7728.0,3.42,In Stock,45.0,4250.4,Luxury,Good
Sports,1824.0,1.09,In Stock,3.0,1769.28,Budget,Poor
Home & Garden,3447.0,3.05,Out of Stock,45.0,1895.85,Mid-Range,Good
Home & Garden,7622.0,2.7,In Stock,15.0,6478.7,Luxury,Average
Clothing,3420.0,1.18,In Stock,19.0,2770.2,Mid-Range,Poor
Clothing,8741.0,3.93,Out of Stock,24.5,6599.46,Luxury,Good
Home & Garden,3074.0,3.05,In Stock,3.0,2981.78,Mid-Range,Good
Home & Garden,4962.0,1.12,In Stock,32.0,3374.16,Mid-Range,Poor
Electronics,3745.0,4.21,In Stock,9.0,3407.95,Mid-Range,Excellent
Home & Garden,3042.0,3.05,Out of Stock,16.0,2555.28,Mid-Range,Good
Home & Garden,2400.0,1.38,Out of Stock,34.0,1584.0,Budget,Poor
Home & Garden,4096.0,3.05,In Stock,42.0,2375.68,Mid-Range,Good
Home & Garden,4157.0,3.05,Out of Stock,30.0,2909.9,Mid-Range,Good
Home & Garden,5339.0,3.05,Out of Stock,39.0,3256.79,Premium,Good
Sports,4602.0,3.24,Out of Stock,17.0,3819.66,Mid-Range,Good
Sports,1966.0,4.34,In Stock,4.0,1887.36,Budget,Excellent
Sports,7406.0,3.66,In Stock,26.0,5480.44,Premium,Good
Home & Garden,2708.0,4.14,In Stock,44.0,1516.48,Mid-Range,Excellent
Home & Garden,4962.0,1.07,In Stock,7.0,4614.66,Mid-Range,Poor
Sports,1222.0,3.24,Out of Stock,49.0,623.22,Budget,Good
Clothing,3681.0,3.25,Out of Stock,8.0,3386.52,Mid-Range,Good
Home & Garden,8110.0,3.05,In Stock,48.0,4217.2,Luxury,Good
Sports,9430.0,1.95,In Stock,15.0,8015.5,Luxury,Poor
Electronics,1328.0,3.03,Out of Stock,30.0,929.6,Budget,Good
Home & Garden,6185.0,4.99,Out of Stock,39.0,3772.85,Premium,Excellent
Home & Garden,5541.0,3.05,In Stock,7.0,5153.13,Premium,Good
Home & Garden,9933.0,3.05,Out of Stock,40.0,5959.8,Luxury,Good
Home & Garden,3528.0,4.69,In Stock,24.0,2681.28,Mid-Range,Excellent
Home & Garden,4323.0,3.05,Out of Stock,45.0,2377.65,Mid-Range,Good
Home & Garden,1421.0,1.9,In Stock,49.0,724.71,Budget,Poor
Home & Garden,8414.0,3.05,In Stock,24.0,6394.64,Luxury,Good
Home & Garden,575.0,3.18,In Stock,40.0,345.0,Budget,Good
Home & Garden,5611.0,3.05,Out of Stock,33.0,3759.37,Premium,Good
Sports,3767.0,3.24,Out of Stock,33.0,2523.89,Mid-Range,Good
Sports,9988.0,1.91,In Stock,26.0,7391.12,Luxury,Poor
Home & Garden,5666.0,2.84,In Stock,49.0,2889.66,Premium,Average
Home & Garden,9959.0,4.62,In Stock,46.0,5377.86,Luxury,Excellent
Home & Garden,8091.0,2.24,In Stock,47.0,4288.23,Luxury,Average
Electronics,7967.0,3.72,In Stock,42.0,4620.86,Luxury,Good
Home & Garden,1011.0,3.15,Out of Stock,10.0,909.9,Budget,Good
Electronics,2593.0,1.15,In Stock,43.0,1478.01,Mid-Range,Poor
Home & Garden,9961.0,2.6,In Stock,24.0,7570.36,Luxury,Average
Sports,9227.0,2.25,In Stock,9.0,8396.57,Luxury,Average
Clothing,7307.0,3.25,In Stock,36.0,4676.48,Premium,Good
Home & Garden,5364.0,3.05,In Stock,29.0,3808.44,Premium,Good
Home & Garden,1838.0,3.38,Out of Stock,18.0,1507.16,Budget,Good
Home & Garden,4962.0,3.19,In Stock,21.0,3919.98,Mid-Range,Good
Clothing,2997.0,1.19,In Stock,16.0,2517.48,Mid-Range,Poor
Home & Garden,2531.0,4.92,In Stock,30.0,1771.7,Mid-Range,Excellent
Home & Garden,2437.0,4.98,In Stock,24.0,1852.12,Budget,Excellent
Home & Garden,3034.0,3.77,Out of Stock,11.0,2700.26,Mid-Range,Good
Clothing,4573.0,1.82,In Stock,5.0,4344.35,Mid-Range,Poor
Home & Garden,2466.0,2.52,In Stock,44.0,1380.96,Budget,Average
Clothing,2242.0,3.25,In Stock,13.0,1950.54,Budget,Good
Home & Garden,7805.0,3.05,In Stock,20.0,6244.0,Luxury,Good
Home & Garden,2527.0,4.84,Out of Stock,49.0,1288.77,Mid-Range,Excellent
Home & Garden,1378.0,3.05,In Stock,44.0,771.68,Budget,Good
Home & Garden,6905.0,3.05,In Stock,35.0,4488.25,Premium,Good
Home & Garden,4960.0,3.99,Out of Stock,31.0,3422.4,Mid-Range,Good
Home & Garden,5019.0,3.05,Out of Stock,17.0,4165.77,Premium,Good
Home & Garden,8568.0,2.27,In Stock,15.0,7282.8,Luxury,Average
Home & Garden,7198.0,3.05,In Stock,18.0,5902.36,Premium,Good
Clothing,4905.0,3.25,Out of Stock,23.0,3776.85,Mid-Range,Good
Home & Garden,9922.0,4.97,In Stock,42.0,5754.76,Luxury,Excellent
Home & Garden,2774.0,3.05,In Stock,0.0,2774.0,Mid-Range,Good
Electronics,4519.0,4.49,In Stock,39.0,2756.59,Mid-Range,Excellent
Home & Garden,7967.0,3.05,In Stock,13.0,6931.29,Luxury,Good
Home & Garden,6551.0,3.05,In Stock,28.0,4716.72,Premium,Good
Home & Garden,3831.0,3.97,In Stock,19.0,3103.11,Mid-Range,Good
Home & Garden,2740.0,3.05,In Stock,0.0,2740.0,Mid-Range,Good
Home & Garden,9069.0,3.05,In Stock,28.0,6529.68,Luxury,Good
Home & Garden,743.0,3.27,In Stock,24.0,564.68,Budget,Good
Electronics,8725.0,3.86,In Stock,9.0,7939.75,Luxury,Good
Clothing,6703.0,3.25,In Stock,9.0,6099.73,Premium,Good
Home & Garden,4962.0,1.8,Out of Stock,19.0,4019.22,Mid-Range,Poor
Home & Garden,7842.0,3.59,In Stock,16.0,6587.28,Luxury,Good
Electronics,6161.0,2.01,Out of Stock,18.0,5052.02,Premium,Average
Home & Garden,6083.0,2.23,Out of Stock,36.0,3893.12,Premium,Average
Home & Garden,7025.0,4.43,In Stock,25.0,5268.75,Premium,Excellent
Home & Garden,276.0,3.45,In Stock,3.0,267.72,Budget,Good
Home & Garden,4369.0,4.08,Out of Stock,8.0,4019.48,Mid-Range,Excellent
Home & Garden,6546.0,3.05,In Stock,49.0,3338.46,Premium,Good
Home & Garden,2810.0,2.91,In Stock,47.0,1489.3,Mid-Range,Average
Home & Garden,5181.0,3.05,In Stock,44.0,2901.36,Premium,Good
Electronics,6848.0,4.93,Out of Stock,26.0,5067.52,Premium,Excellent
Home & Garden,968.0,1.05,In Stock,42.0,561.44,Budget,Poor
Sports,1999.0,3.61,Out of Stock,20.0,1599.2,Budget,Good
Clothing,7902.0,1.74,In Stock,44.0,4425.12,Luxury,Poor
Home & Garden,5369.0,3.05,In Stock,29.0,3811.99,Premium,Good
Electronics,1138.0,4.74,In Stock,4.0,1092.48,Budget,Excellent
Home & Garden,9151.0,1.23,In Stock,18.0,7503.82,Luxury,Poor
Home & Garden,1351.0,2.74,In Stock,3.0,1310.47,Budget,Average
Home & Garden,3016.0,1.25,In Stock,1.0,2985.84,Mid-Range,Poor
Home & Garden,1132.0,2.04,Out of Stock,12.0,996.16,Budget,Average
Home & Garden,4874.0,3.05,In Stock,20.0,3899.2,Mid-Range,Good
Sports,5031.0,4.02,Out of Stock,5.0,4779.45,Premium,Excellent
Home & Garden,1112.0,3.05,Out of Stock,1.0,1100.88,Budget,Good
Home & Garden,7446.0,3.05,In Stock,42.0,4318.68,Premium,Good
Home & Garden,4877.0,3.05,In Stock,30.0,3413.9,Mid-Range,Good
Electronics,7769.0,3.03,In Stock,45.0,4272.95,Luxury,Good
Electronics,4347.0,4.9,In Stock,25.0,3260.25,Mid-Range,Excellent
Home & Garden,5350.0,3.05,Out of Stock,27.0,3905.5,Premium,Good
Home & Garden,3150.0,3.05,In Stock,7.0,2929.5,Mid-Range,Good
Home & Garden,7050.0,3.05,In Stock,37.0,4441.5,Premium,Good
Clothing,6363.0,3.74,Out of Stock,13.0,5535.81,Premium,Good
Home & Garden,7639.0,3.05,Out of Stock,33.0,5118.13,Luxury,Good
Clothing,1570.0,3.9,In Stock,39.0,957.7,Budget,Good
Home & Garden,3725.0,3.97,In Stock,8.0,3427.0,Mid-Range,Good
Home & Garden,1253.0,3.05,In Stock,24.0,952.28,Budget,Good
Home & Garden,4657.0,3.05,In Stock,30.0,3259.9,Mid-Range,Good
Home & Garden,5411.0,3.05,Out of Stock,24.0,4112.36,Premium,Good
Home & Garden,3130.0,3.05,In Stock,3.0,3036.1,Mid-Range,Good
Sports,4062.0,3.52,Out of Stock,26.0,3005.88,Mid-Range,Good
Clothing,8524.0,3.25,In Stock,5.0,8097.8,Luxury,Good
Home & Garden,8290.0,3.05,In Stock,24.0,6300.4,Luxury,Good
Home & Garden,4264.0,3.91,In Stock,3.0,4136.08,Mid-Range,Good
Home & Garden,3030.0,4.99,Out of Stock,37.0,1908.9,Mid-Range,Excellent
Home & Garden,105.0,1.56,Out of Stock,31.0,72.45,Budget,Poor
Home & Garden,4951.0,3.05,In Stock,41.0,2921.09,Mid-Range,Good
Home & Garden,9551.0,3.05,Out of Stock,4.0,9168.96,Luxury,Good
Clothing,8084.0,3.25,In Stock,24.0,6143.84,Luxury,Good
Home & Garden,9269.0,3.05,Out of Stock,10.0,8342.1,Luxury,Good
Home & Garden,9928.0,3.05,In Stock,27.0,7247.44,Luxury,Good
Home & Garden,7405.0,3.05,In Stock,31.0,5109.45,Premium,Good
Home & Garden,4552.0,1.76,Out of Stock,28.0,3277.44,Mid-Range,Poor
Home & Garden,9251.0,3.05,Out of Stock,19.0,7493.31,Luxury,Good
Sports,4983.0,4.27,In Stock,7.0,4634.19,Mid-Range,Excellent
Home & Garden,9159.0,4.06,Out of Stock,9.0,8334.69,Luxury,Excellent
Home & Garden,3652.0,3.56,In Stock,24.0,2775.52,Mid-Range,Good
Home & Garden,7022.0,1.52,Out of Stock,14.0,6038.92,Premium,Poor
Sports,547.0,1.48,In Stock,15.0,464.95,Budget,Poor
Home & Garden,7669.0,3.05,In Stock,42.0,4448.02,Luxury,Good
Home & Garden,5107.0,3.05,In Stock,17.0,4238.81,Premium,Good
Home & Garden,6717.0,4.74,In Stock,20.0,5373.6,Premium,Excellent
Home & Garden,3245.0,4.32,Out of Stock,14.0,2790.7,Mid-Range,Excellent
Home & Garden,5577.0,4.16,In Stock,43.0,3178.89,Premium,Excellent
Home & Garden,7120.0,3.45,Out of Stock,33.0,4770.4,Premium,Good
Electronics,4745.0,3.03,In Stock,18.0,3890.9,Mid-Range,Good
Sports,6841.0,1.98,Out of Stock,28.0,4925.52,Premium,Poor
Clothing,5059.0,3.25,Out of Stock,16.0,4249.56,Premium,Good
Clothing,5194.0,3.02,Out of Stock,12.0,4570.72,Premium,Good
Home & Garden,1656.0,2.06,In Stock,6.0,1556.64,Budget,Average
Home & Garden,2876.0,3.18,In Stock,24.0,2185.76,Mid-Range,Good
Home & Garden,2904.0,3.74,In Stock,43.0,1655.28,Mid-Range,Good
Home & Garden,8144.0,3.05,In Stock,18.0,6678.08,Luxury,Good
Home & Garden,9151.0,3.05,In Stock,27.0,6680.23,Luxury,Good
Home & Garden,8378.0,1.09,Out of Stock,35.0,5445.7,Luxury,Poor
Clothing,6686.0,3.45,In Stock,49.0,3409.86,Premium,Good
Clothing,7901.0,3.88,In Stock,31.0,5451.69,Luxury,Good
Electronics,7316.0,1.14,In Stock,0.0,7316.0,Premium,Poor
Home & Garden,3029.0,3.05,Out of Stock,24.0,2302.04,Mid-Range,Good
Home & Garden,2197.0,1.77,Out of Stock,30.0,1537.9,Budget,Poor
Electronics,2030.0,3.03,Out of Stock,26.0,1502.2,Budget,Good
Home & Garden,4962.0,3.05,In Stock,44.0,2778.72,Mid-Range,Good
Home & Garden,9213.0,3.05,Out of Stock,47.0,4882.89,Luxury,Good
Home & Garden,1422.0,2.23,Out of Stock,28.0,1023.84,Budget,Average
Home & Garden,2691.0,3.05,In Stock,48.0,1399.32,Mid-Range,Good
Home & Garden,1258.0,2.58,In Stock,29.0,893.18,Budget,Average
Home & Garden,8763.0,4.8,Out of Stock,11.0,7799.07,Luxury,Excellent
Home & Garden,6433.0,1.79,In Stock,24.0,4889.08,Premium,Poor
Home & Garden,7440.0,3.05,Out of Stock,25.0,5580.0,Premium,Good
Electronics,4745.0,2.73,Out of Stock,34.0,3131.7,Mid-Range,Average
Home & Garden,7003.0,3.05,In Stock,3.0,6792.91,Premium,Good
Home & Garden,7088.0,4.28,Out of Stock,26.0,5245.12,Premium,Excellent
Electronics,1578.0,3.03,In Stock,26.0,1167.72,Budget,Good
Sports,565.0,1.61,In Stock,49.0,288.15,Budget,Poor
Home & Garden,2723.0,3.05,In Stock,44.0,1524.88,Mid-Range,Good
Home & Garden,3928.0,3.05,In Stock,9.0,3574.48,Mid-Range,Good
Home & Garden,4732.0,3.05,Out of Stock,45.0,2602.6,Mid-Range,Good
Home & Garden,3521.0,3.05,In Stock,33.0,2359.07,Mid-Range,Good
Sports,3056.0,3.24,In Stock,3.0,2964.32,Mid-Range,Good
Home & Garden,8187.0,2.39,Out of Stock,25.0,6140.25,Luxury,Average
Home & Garden,6147.0,3.05,In Stock,4.0,5901.12,Premium,Good
Home & Garden,4882.0,3.05,In Stock,8.0,4491.44,Mid-Range,Good
Home & Garden,834.0,4.43,Out of Stock,42.0,483.72,Budget,Excellent
Home & Garden,6961.0,3.05,In Stock,10.0,6264.9,Premium,Good
Home & Garden,1398.0,3.05,In Stock,13.0,1216.26,Budget,Good
Clothing,4700.0,1.31,Out of Stock,22.0,3666.0,Mid-Range,Poor
Home & Garden,7868.0,3.74,In Stock,14.0,6766.48,Luxury,Good
Home & Garden,8635.0,3.05,In Stock,30.0,6044.5,Luxury,Good
Home & Garden,4601.0,3.39,Out of Stock,7.0,4278.93,Mid-Range,Good
Home & Garden,873.0,3.05,In Stock,15.0,742.05,Budget,Good
Electronics,3947.0,3.03,In Stock,48.0,2052.44,Mid-Range,Good
Electronics,552.0,4.36,In Stock,47.0,292.56,Budget,Excellent
Home & Garden,1398.0,3.35,Out of Stock,31.0,964.62,Budget,Good
Clothing,8686.0,4.03,Out of Stock,11.0,7730.54,Luxury,Excellent
Clothing,3958.0,2.37,In Stock,13.0,3443.46,Mid-Range,Average
Home & Garden,166.0,4.98,Out of Stock,45.0,91.3,Budget,Excellent
Home & Garden,4374.0,1.12,In Stock,13.0,3805.38,Mid-Range,Poor
Home & Garden,9265.0,3.05,In Stock,47.0,4910.45,Luxury,Good
Sports,9181.0,3.24,Out of Stock,14.0,7895.66,Luxury,Good
Home & Garden,9966.0,3.05,Out of Stock,16.0,8371.44,Luxury,Good
Home & Garden,7087.0,3.05,Out of Stock,47.0,3756.11,Premium,Good
Sports,3673.0,2.92,Out of Stock,40.0,2203.8,Mid-Range,Average
Home & Garden,6764.0,3.05,In Stock,46.0,3652.56,Premium,Good
Home & Garden,8254.0,3.05,In Stock,7.0,7676.22,Luxury,Good
Home & Garden,2470.0,2.79,Out of Stock,23.0,1901.9,Budget,Average
Electronics,7870.0,3.03,Out of Stock,45.0,4328.5,Luxury,Good
Home & Garden,9526.0,3.05,In Stock,5.0,9049.7,Luxury,Good
Home & Garden,3396.0,2.13,In Stock,35.0,2207.4,Mid-Range,Average
Home & Garden,4962.0,2.74,In Stock,47.0,2629.86,Mid-Range,Average
Clothing,8533.0,3.25,In Stock,1.0,8447.67,Luxury,Good
Home & Garden,6313.0,4.45,Out of Stock,18.0,5176.66,Premium,Excellent
Electronics,1188.0,2.52,In Stock,31.0,819.72,Budget,Average
Home & Garden,2365.0,3.05,Out of Stock,31.0,1631.85,Budget,Good
Clothing,288.0,2.0,In Stock,11.0,256.32,Budget,Poor
Home & Garden,5009.0,3.08,Out of Stock,37.0,3155.67,Premium,Good
Home & Garden,9634.0,3.05,In Stock,48.0,5009.68,Luxury,Good
Home & Garden,9485.0,3.05,In Stock,24.0,7208.6,Luxury,Good
Home & Garden,7374.0,3.05,In Stock,43.0,4203.18,Premium,Good
Home & Garden,233.0,2.65,In Stock,7.0,216.69,Budget,Average
Home & Garden,5326.0,2.47,In Stock,4.0,5112.96,Premium,Average
Electronics,5257.0,3.03,In Stock,31.0,3627.33,Premium,Good
Electronics,1853.0,3.04,In Stock,15.0,1575.05,Budget,Good
Home & Garden,5317.0,1.81,In Stock,22.0,4147.26,Premium,Poor
Home & Garden,808.0,3.05,In Stock,9.0,735.28,Budget,Good
Sports,2736.0,2.47,In Stock,12.0,2407.68,Mid-Range,Average
Home & Garden,2232.0,2.41,In Stock,2.0,2187.36,Budget,Average
Home & Garden,9229.0,3.91,In Stock,40.0,5537.4,Luxury,Good
Home & Garden,4962.0,1.7,Out of Stock,35.0,3225.3,Mid-Range,Poor
Home & Garden,6409.0,3.84,Out of Stock,35.0,4165.85,Premium,Good
Home & Garden,6220.0,3.05,In Stock,44.0,3483.2,Premium,Good
Home & Garden,9759.0,3.05,In Stock,5.0,9271.05,Luxury,Good
Home & Garden,7023.0,3.51,In Stock,24.0,5337.48,Premium,Good
Home & Garden,6842.0,3.05,In Stock,14.0,5884.12,Premium,Good
Home & Garden,5062.0,3.05,In Stock,17.0,4201.46,Premium,Good
Home & Garden,3730.0,1.34,In Stock,42.0,2163.4,Mid-Range,Poor
Home & Garden,2291.0,3.05,In Stock,29.0,1626.61,Budget,Good
Home & Garden,5948.0,3.05,Out of Stock,24.0,4520.48,Premium,Good
Sports,6160.0,3.24,In Stock,1.0,6098.4,Premium,Good
Electronics,3472.0,1.57,In Stock,26.0,2569.28,Mid-Range,Poor
Home & Garden,993.0,3.71,In Stock,41.0,585.87,Budget,Good
Home & Garden,8700.0,3.05,In Stock,30.0,6090.0,Luxury,Good
Clothing,2998.0,4.09,In Stock,7.0,2788.14,Mid-Range,Excellent
Home & Garden,4962.0,3.05,In Stock,29.0,3523.02,Mid-Range,Good
Home & Garden,6281.0,2.72,In Stock,41.0,3705.79,Premium,Average
Sports,1157.0,2.17,In Stock,25.0,867.75,Budget,Average
Home & Garden,7092.0,3.05,In Stock,25.0,5319.0,Premium,Good
Home & Garden,4962.0,3.05,Out of Stock,34.0,3274.92,Mid-Range,Good
Home & Garden,4037.0,1.48,In Stock,43.0,2301.09,Mid-Range,Poor
Electronics,8210.0,3.03,Out of Stock,10.0,7389.0,Luxury,Good
Electronics,6791.0,3.03,In Stock,33.0,4549.97,Premium,Good
Home & Garden,219.0,3.35,In Stock,25.0,164.25,Budget,Good
Home & Garden,4601.0,3.05,In Stock,33.0,3082.67,Mid-Range,Good
Electronics,5393.0,1.08,In Stock,47.0,2858.29,Premium,Poor
Home & Garden,2042.0,3.05,In Stock,20.0,1633.6,Budget,Good
Home & Garden,3441.0,2.07,In Stock,37.0,2167.83,Mid-Range,Average
Home & Garden,5040.0,2.85,In Stock,39.0,3074.4,Premium,Average
Electronics,3933.0,3.1,In Stock,21.0,3107.07,Mid-Range,Good
Home & Garden,3098.0,3.05,In Stock,21.0,2447.42,Mid-Range,Good
Home & Garden,5659.0,3.05,In Stock,23.0,4357.43,Premium,Good
Clothing,6606.0,3.25,In Stock,45.0,3633.3,Premium,Good
Home & Garden,4650.0,3.36,In Stock,3.0,4510.5,Mid-Range,Good
Home & Garden,4578.0,3.05,In Stock,22.0,3570.84,Mid-Range,Good
Home & Garden,367.0,4.61,In Stock,38.0,227.54,Budget,Excellent
Home & Garden,5908.0,3.05,In Stock,35.0,3840.2,Premium,Good
Home & Garden,7765.0,3.05,In Stock,35.0,5047.25,Luxury,Good
Home & Garden,860.0,3.05,In Stock,28.0,619.2,Budget,Good
Home & Garden,4962.0,2.68,In Stock,30.0,3473.4,Mid-Range,Average
Electronics,4207.0,3.03,Out of Stock,15.0,3575.95,Mid-Range,Good
Home & Garden,4576.0,3.05,In Stock,24.0,3477.76,Mid-Range,Good
Home & Garden,4687.0,2.99,In Stock,49.0,2390.37,Mid-Range,Average
Home & Garden,2018.0,4.97,In Stock,34.0,1331.88,Budget,Excellent
Home & Garden,8305.0,2.94,In Stock,31.0,5730.45,Luxury,Average
Home & Garden,4499.0,4.72,In Stock,13.0,3914.13,Mid-Range,Excellent
Home & Garden,8795.0,3.05,In Stock,15.0,7475.75,Luxury,Good
Home & Garden,3502.0,4.62,In Stock,30.0,2451.4,Mid-Range,Excellent
Home & Garden,3947.0,3.05,In Stock,39.0,2407.67,Mid-Range,Good
Home & Garden,9466.0,3.05,In Stock,34.0,6247.56,Luxury,Good
Home & Garden,8214.0,1.55,In Stock,19.0,6653.34,Luxury,Poor
Home & Garden,6046.0,1.22,In Stock,12.0,5320.48,Premium,Poor
Home & Garden,6731.0,3.05,In Stock,24.0,5115.56,Premium,Good
Electronics,8200.0,3.03,In Stock,22.0,6396.0,Luxury,Good
Home & Garden,7809.0,3.05,In Stock,17.0,6481.47,Luxury,Good
Electronics,4330.0,3.03,In Stock,35.0,2814.5,Mid-Range,Good
Home & Garden,1999.0,3.05,Out of Stock,29.0,1419.29,Budget,Good
Home & Garden,193.0,3.05,In Stock,39.0,117.73,Budget,Good
Home & Garden,4765.0,3.05,Out of Stock,27.0,3478.45,Mid-Range,Good
Sports,9415.0,3.24,In Stock,3.0,9132.55,Luxury,Good
Home & Garden,4025.0,3.05,In Stock,42.0,2334.5,Mid-Range,Good
Home & Garden,3141.0,3.05,In Stock,13.0,2732.67,Mid-Range,Good
Home & Garden,6168.0,3.05,Out of Stock,24.0,4687.68,Premium,Good
Home & Garden,5146.0,3.05,In Stock,23.0,3962.42,Premium,Good
Home & Garden,4962.0,1.5,Out of Stock,47.0,2629.86,Mid-Range,Poor
Home & Garden,1525.0,4.97,Out of Stock,46.0,823.5,Budget,Excellent
Home & Garden,7785.0,1.42,Out of Stock,39.0,4748.85,Luxury,Poor
Electronics,4204.0,1.86,In Stock,15.0,3573.4,Mid-Range,Poor
Sports,9107.0,2.47,In Stock,23.0,7012.39,Luxury,Average
Clothing,5499.0,3.25,In Stock,37.0,3464.37,Premium,Good
Home & Garden,5684.0,3.05,In Stock,35.0,3694.6,Premium,Good
Home & Garden,2809.0,3.9,Out of Stock,28.0,2022.48,Mid-Range,Good
Home & Garden,8837.0,3.05,In Stock,48.0,4595.24,Luxury,Good
Home & Garden,2006.0,3.91,In Stock,27.0,1464.38,Budget,Good
Electronics,7013.0,3.03,Out of Stock,47.0,3716.89,Premium,Good
Home & Garden,4089.0,3.05,Out of Stock,34.0,2698.74,Mid-Range,Good
Home & Garden,9491.0,3.05,Out of Stock,25.0,7118.25,Luxury,Good
Home & Garden,2256.0,2.42,In Stock,47.0,1195.68,Budget,Average
Electronics,302.0,3.03,In Stock,30.0,211.4,Budget,Good
Electronics,6586.0,3.97,Out of Stock,13.0,5729.82,Premium,Good
Home & Garden,3121.0,3.25,Out of Stock,43.0,1778.97,Mid-Range,Good
Home & Garden,1880.0,4.18,Out of Stock,33.0,1259.6,Budget,Excellent
Clothing,6307.0,4.64,In Stock,24.5,4761.78,Premium,Excellent
Home & Garden,3051.0,1.05,In Stock,41.0,1800.09,Mid-Range,Poor
Clothing,8664.0,3.25,In Stock,10.0,7797.6,Luxury,Good
Home & Garden,583.0,4.87,In Stock,39.0,355.63,Budget,Excellent
Home & Garden,5284.0,4.72,In Stock,45.0,2906.2,Premium,Excellent
Clothing,3582.0,3.25,Out of Stock,43.0,2041.74,Mid-Range,Good
Home & Garden,9200.0,3.98,In Stock,23.0,7084.0,Luxury,Good
Home & Garden,9372.0,2.31,Out of Stock,26.0,6935.28,Luxury,Average
Home & Garden,6241.0,3.05,In Stock,44.0,3494.96,Premium,Good
Sports,8713.0,4.84,Out of Stock,38.0,5402.06,Luxury,Excellent
Home & Garden,4272.0,1.0,Out of Stock,32.0,2904.96,Mid-Range,Poor
Home & Garden,3440.0,1.8,In Stock,24.0,2614.4,Mid-Range,Poor
Home & Garden,4648.0,4.24,In Stock,44.0,2602.88,Mid-Range,Excellent
Home & Garden,340.0,4.89,Out of Stock,27.0,248.2,Budget,Excellent
Home & Garden,882.0,3.05,Out of Stock,11.0,784.98,Budget,Good
Home & Garden,9787.0,4.35,In Stock,25.0,7340.25,Luxury,Excellent
Home & Garden,4962.0,4.07,Out of Stock,24.0,3771.12,Mid-Range,Excellent
Home & Garden,4752.0,2.82,Out of Stock,20.0,3801.6,Mid-Range,Average
Home & Garden,3282.0,3.05,In Stock,13.0,2855.34,Mid-Range,Good
Home & Garden,2619.0,2.42,In Stock,24.0,1990.44,Mid-Range,Average
Home & Garden,9534.0,3.05,In Stock,32.0,6483.12,Luxury,Good
Home & Garden,5870.0,3.05,Out of Stock,15.0,4989.5,Premium,Good
Home & Garden,1519.0,2.68,Out of Stock,32.0,1032.92,Budget,Average
Home & Garden,2422.0,3.05,In Stock,28.0,1743.84,Budget,Good
Sports,3510.0,3.24,Out of Stock,28.0,2527.2,Mid-Range,Good
Home & Garden,699.0,4.38,In Stock,9.0,636.09,Budget,Excellent
Home & Garden,1860.0,2.33,In Stock,48.0,967.2,Budget,Average
Home & Garden,9630.0,3.05,In Stock,21.0,7607.7,Luxury,Good
Electronics,6253.0,3.03,In Stock,26.0,4627.22,Premium,Good
Sports,1533.0,3.24,Out of Stock,26.0,1134.42,Budget,Good
Home & Garden,7259.0,3.05,Out of Stock,5.0,6896.05,Premium,Good
Home & Garden,8388.0,3.94,In Stock,49.0,4277.88,Luxury,Good
Clothing,2801.0,3.25,In Stock,10.0,2520.9,Mid-Range,Good
Electronics,8976.0,2.68,In Stock,5.0,8527.2,Luxury,Average
Home & Garden,6855.0,3.05,In Stock,24.0,5209.8,Premium,Good
Home & Garden,6487.0,3.28,Out of Stock,9.0,5903.17,Premium,Good
Home & Garden,513.0,1.55,In Stock,18.0,420.66,Budget,Poor
Home & Garden,7743.0,3.05,In Stock,45.0,4258.65,Luxury,Good
Electronics,4844.0,2.81,Out of Stock,26.0,3584.56,Mid-Range,Average
Home & Garden,8867.0,2.79,In Stock,25.0,6650.25,Luxury,Average
Home & Garden,8794.0,3.05,In Stock,34.0,5804.04,Luxury,Good
Home & Garden,7446.0,2.52,Out of Stock,5.0,7073.7,Premium,Average
Home & Garden,169.0,2.6,In Stock,49.0,86.19,Budget,Average
Home & Garden,6130.0,3.05,In Stock,12.0,5394.4,Premium,Good
Home & Garden,1151.0,1.87,In Stock,9.0,1047.41,Budget,Poor
Home & Garden,1893.0,2.42,Out of Stock,33.0,1268.31,Budget,Average
Home & Garden,7446.0,3.05,In Stock,24.0,5658.96,Premium,Good
Home & Garden,2641.0,4.06,Out of Stock,5.0,2508.95,Mid-Range,Excellent
Home & Garden,8832.0,2.18,In Stock,45.0,4857.6,Luxury,Average
Sports,7785.0,1.96,In Stock,2.0,7629.3,Luxury,Poor
Home & Garden,9041.0,3.05,Out of Stock,42.0,5243.78,Luxury,Good
Home & Garden,358.0,1.53,In Stock,5.0,340.1,Budget,Poor
Home & Garden,4122.0,1.17,Out of Stock,15.0,3503.7,Mid-Range,Poor
Sports,9914.0,4.22,In Stock,33.0,6642.38,Luxury,Excellent
Sports,7398.0,4.54,In Stock,45.0,4068.9,Premium,Excellent
Electronics,5533.0,3.03,In Stock,31.0,3817.77,Premium,Good
Home & Garden,9942.0,3.1,In Stock,41.0,5865.78,Luxury,Good
Home & Garden,5889.0,1.01,In Stock,35.0,3827.85,Premium,Poor
Home & Garden,2065.0,2.77,In Stock,38.0,1280.3,Budget,Average
Home & Garden,3573.0,1.68,In Stock,8.0,3287.16,Mid-Range,Poor
Home & Garden,7249.0,3.05,Out of Stock,40.0,4349.4,Premium,Good
Home & Garden,2863.0,3.05,Out of Stock,20.0,2290.4,Mid-Range,Good
Home & Garden,3149.0,2.44,Out of Stock,11.0,2802.61,Mid-Range,Average
Sports,2597.0,2.69,In Stock,22.0,2025.66,Mid-Range,Average
Home & Garden,4962.0,2.52,Out of Stock,48.0,2580.24,Mid-Range,Average
Home & Garden,8502.0,3.05,In Stock,16.0,7141.68,Luxury,Good
Clothing,4377.0,2.59,Out of Stock,23.0,3370.29,Mid-Range,Average
Home & Garden,2188.0,2.08,In Stock,12.0,1925.44,Budget,Average
Home & Garden,1125.0,3.05,In Stock,17.0,933.75,Budget,Good
Home & Garden,421.0,2.2,In Stock,6.0,395.74,Budget,Average
Home & Garden,8287.0,4.36,In Stock,35.0,5386.55,Luxury,Excellent
Home & Garden,1039.0,2.94,Out of Stock,44.0,581.84,Budget,Average
Home & Garden,4290.0,2.47,Out of Stock,0.0,4290.0,Mid-Range,Average
Sports,4297.0,3.3,In Stock,5.0,4082.15,Mid-Range,Good
Clothing,2557.0,3.25,In Stock,7.0,2378.01,Mid-Range,Good
Home & Garden,8483.0,1.35,In Stock,44.0,4750.48,Luxury,Poor
Electronics,4745.0,3.98,In Stock,21.0,3748.55,Mid-Range,Good
Home & Garden,3742.0,3.05,Out of Stock,3.0,3629.74,Mid-Range,Good
Home & Garden,8017.0,1.61,In Stock,3.0,7776.49,Luxury,Poor
Sports,4910.0,4.99,In Stock,45.0,2700.5,Mid-Range,Excellent
Home & Garden,4429.0,3.05,In Stock,8.0,4074.68,Mid-Range,Good
Home & Garden,4192.0,3.11,In Stock,1.0,4150.08,Mid-Range,Good
Home & Garden,5687.0,3.05,Out of Stock,7.0,5288.91,Premium,Good
Electronics,9116.0,2.16,In Stock,45.0,5013.8,Luxury,Average
Electronics,573.0,3.03,In Stock,23.0,441.21,Budget,Good
Electronics,6107.0,1.16,Out of Stock,22.0,4763.46,Premium,Poor
Home & Garden,9464.0,3.05,In Stock,24.0,7192.64,Luxury,Good
Home & Garden,5125.0,3.05,Out of Stock,49.0,2613.75,Premium,Good
Home & Garden,480.0,2.9,In Stock,21.0,379.2,Budget,Average
Home & Garden,3122.0,3.05,In Stock,46.0,1685.88,Mid-Range,Good
Sports,8873.0,3.25,In Stock,41.0,5235.07,Luxury,Good
Home & Garden,1189.0,4.96,Out of Stock,34.0,784.74,Budget,Excellent
Home & Garden,9697.0,3.33,In Stock,11.0,8630.33,Luxury,Good
Electronics,3592.0,3.03,In Stock,31.0,2478.48,Mid-Range,Good
Home & Garden,1891.0,3.05,In Stock,14.0,1626.26,Budget,Good
Sports,9584.0,2.34,In Stock,27.0,6996.32,Luxury,Average
Home & Garden,3908.0,2.39,Out of Stock,27.0,2852.84,Mid-Range,Average
Home & Garden,3584.0,3.05,In Stock,44.0,2007.04,Mid-Range,Good
Sports,3996.0,3.24,Out of Stock,25.0,2997.0,Mid-Range,Good
Home & Garden,6618.0,1.84,In Stock,48.0,3441.36,Premium,Poor
Clothing,5054.0,1.89,In Stock,5.0,4801.3,Premium,Poor
Sports,8760.0,3.24,In Stock,42.0,5080.8,Luxury,Good
Clothing,6166.0,3.25,In Stock,47.0,3267.98,Premium,Good
Home & Garden,6557.0,3.05,In Stock,9.0,5966.87,Premium,Good
Sports,9794.0,2.13,Out of Stock,14.0,8422.84,Luxury,Average
Home & Garden,7693.0,3.05,In Stock,35.0,5000.45,Luxury,Good
Electronics,5896.0,3.03,Out of Stock,41.0,3478.64,Premium,Good
Home & Garden,462.0,1.33,In Stock,29.0,328.02,Budget,Poor
Home & Garden,4673.0,4.85,Out of Stock,0.0,4673.0,Mid-Range,Excellent
Clothing,5031.0,1.86,In Stock,25.0,3773.25,Premium,Poor
Home & Garden,8671.0,3.05,In Stock,0.0,8671.0,Luxury,Good
Home & Garden,3262.0,3.05,In Stock,8.0,3001.04,Mid-Range,Good
Electronics,2970.0,2.03,Out of Stock,2.0,2910.6,Mid-Range,Average
Home & Garden,6708.0,3.18,In Stock,24.0,5098.08,Premium,Good
Home & Garden,9054.0,3.17,In Stock,26.0,6699.96,Luxury,Good
Home & Garden,7272.0,2.37,In Stock,29.0,5163.12,Premium,Average
Home & Garden,7873.0,3.99,Out of Stock,42.0,4566.34,Luxury,Good
Home & Garden,5940.0,4.85,Out of Stock,7.0,5524.2,Premium,Excellent
Home & Garden,2209.0,2.25,In Stock,3.0,2142.73,Budget,Average
Home & Garden,3151.0,1.99,In Stock,8.0,2898.92,Mid-Range,Poor
Electronics,6911.0,2.34,Out of Stock,11.0,6150.79,Premium,Average
Home & Garden,438.0,3.05,In Stock,21.0,346.02,Budget,Good
Home & Garden,4962.0,3.05,In Stock,19.0,4019.22,Mid-Range,Good
Home & Garden,2761.0,2.26,In Stock,14.0,2374.46,Mid-Range,Average
Home & Garden,6361.0,3.96,In Stock,5.0,6042.95,Premium,Good
Home & Garden,1445.0,3.05,In Stock,38.0,895.9,Budget,Good
Home & Garden,4659.0,3.79,In Stock,15.0,3960.15,Mid-Range,Good
Home & Garden,9158.0,3.05,In Stock,25.0,6868.5,Luxury,Good
Home & Garden,9306.0,4.13,In Stock,18.0,7630.92,Luxury,Excellent
Home & Garden,2807.0,3.22,Out of Stock,39.0,1712.27,Mid-Range,Good
Electronics,1297.0,3.03,In Stock,36.0,830.08,Budget,Good
Home & Garden,4847.0,3.05,In Stock,41.0,2859.73,Mid-Range,Good
Sports,8255.0,4.19,In Stock,36.0,5283.2,Luxury,Excellent
Sports,7894.0,1.34,In Stock,26.0,5841.56,Luxury,Poor
Home & Garden,8209.0,1.93,Out of Stock,19.0,6649.29,Luxury,Poor
Home & Garden,7265.0,1.42,In Stock,37.0,4576.95,Premium,Poor
Clothing,4930.0,3.32,Out of Stock,9.0,4486.3,Mid-Range,Good
Home & Garden,4962.0,2.87,Out of Stock,16.0,4168.08,Mid-Range,Average
Sports,4999.0,3.24,Out of Stock,40.0,2999.4,Mid-Range,Good
Home & Garden,4962.0,4.59,Out of Stock,24.0,3771.12,Mid-Range,Excellent
Home & Garden,2929.0,2.74,Out of Stock,46.0,1581.66,Mid-Range,Average
Sports,4529.0,3.24,In Stock,4.0,4347.84,Mid-Range,Good
Home & Garden,3509.0,3.05,In Stock,10.0,3158.1,Mid-Range,Good
Home & Garden,9098.0,2.04,Out of Stock,6.0,8552.12,Luxury,Average
Home & Garden,1567.0,3.05,In Stock,37.0,987.21,Budget,Good
Home & Garden,926.0,3.05,Out of Stock,21.0,731.54,Budget,Good
Home & Garden,7538.0,2.53,In Stock,29.0,5351.98,Luxury,Average
Sports,2797.0,2.95,In Stock,26.0,2069.78,Mid-Range,Average
Home & Garden,3772.0,3.05,In Stock,44.0,2112.32,Mid-Range,Good
Home & Garden,6302.0,1.88,In Stock,6.0,5923.88,Premium,Poor
Home & Garden,8094.0,1.38,Out of Stock,30.0,5665.8,Luxury,Poor
Home & Garden,9873.0,3.05,In Stock,19.0,7997.13,Luxury,Good
Home & Garden,9016.0,3.73,In Stock,26.0,6671.84,Luxury,Good
Clothing,3621.0,3.27,In Stock,16.0,3041.64,Mid-Range,Good
Home & Garden,8629.0,3.05,Out of Stock,45.0,4745.95,Luxury,Good
Electronics,7487.0,3.03,Out of Stock,43.0,4267.59,Premium,Good
Home & Garden,877.0,3.96,In Stock,22.0,684.06,Budget,Good
Home & Garden,7058.0,2.52,Out of Stock,47.0,3740.74,Premium,Average
Electronics,5055.0,2.78,In Stock,7.0,4701.15,Premium,Average
Electronics,1251.0,3.03,In Stock,40.0,750.6,Budget,Good
Sports,1294.0,3.24,In Stock,26.0,957.56,Budget,Good
Home & Garden,3984.0,4.07,Out of Stock,24.0,3027.84,Mid-Range,Excellent
Home & Garden,2865.0,3.56,In Stock,43.0,1633.05,Mid-Range,Good
Home & Garden,7325.0,4.2,In Stock,22.0,5713.5,Premium,Excellent
Home & Garden,4222.0,3.05,In Stock,23.0,3250.94,Mid-Range,Good
Home & Garden,2470.0,1.04,In Stock,41.0,1457.3,Budget,Poor
Home & Garden,1647.0,4.28,In Stock,27.0,1202.31,Budget,Excellent
Home & Garden,4351.0,4.13,Out of Stock,5.0,4133.45,Mid-Range,Excellent
Home & Garden,9352.0,3.05,Out of Stock,31.0,6452.88,Luxury,Good
Sports,9356.0,3.33,In Stock,17.0,7765.48,Luxury,Good
Home & Garden,716.0,4.57,In Stock,17.0,594.28,Budget,Excellent
Clothing,5510.0,3.78,Out of Stock,17.0,4573.3,Premium,Good
Home & Garden,3203.0,3.05,In Stock,0.0,3203.0,Mid-Range,Good
Home & Garden,3455.0,4.4,In Stock,38.0,2142.1,Mid-Range,Excellent
Home & Garden,3416.0,3.73,Out of Stock,10.0,3074.4,Mid-Range,Good
Home & Garden,1558.0,3.05,In Stock,28.0,1121.76,Budget,Good
Sports,177.0,3.24,In Stock,31.0,122.13,Budget,Good
Clothing,8493.0,3.8,Out of Stock,3.0,8238.21,Luxury,Good
Home & Garden,6706.0,3.55,In Stock,11.0,5968.34,Premium,Good
Home & Garden,823.0,3.31,In Stock,24.0,625.48,Budget,Good
Sports,9753.0,1.96,Out of Stock,8.0,8972.76,Luxury,Poor
Home & Garden,7635.0,3.05,In Stock,12.0,6718.8,Luxury,Good
Electronics,3424.0,4.69,Out of Stock,26.0,2533.76,Mid-Range,Excellent
Home & Garden,8221.0,4.77,In Stock,36.0,5261.44,Luxury,Excellent
Home & Garden,5135.0,3.05,In Stock,35.0,3337.75,Premium,Good
Electronics,9272.0,2.46,In Stock,37.0,5841.36,Luxury,Average
Home & Garden,8406.0,1.29,Out of Stock,11.0,7481.34,Luxury,Poor
Home & Garden,6357.0,2.13,In Stock,5.0,6039.15,Premium,Average
Clothing,3626.0,3.25,Out of Stock,0.0,3626.0,Mid-Range,Good
Electronics,9516.0,3.03,In Stock,26.0,7041.84,Luxury,Good
Home & Garden,1506.0,3.05,In Stock,34.0,993.96,Budget,Good
Home & Garden,7605.0,3.04,In Stock,8.0,6996.6,Luxury,Good
Home & Garden,6609.0,3.05,In Stock,24.0,5022.84,Premium,Good
Clothing,8569.0,4.3,In Stock,42.0,4970.02,Luxury,Excellent
Home & Garden,3804.0,2.13,In Stock,21.0,3005.16,Mid-Range,Average
Home & Garden,1628.0,3.05,In Stock,0.0,1628.0,Budget,Good
Home & Garden,8319.0,2.07,In Stock,24.0,6322.44,Luxury,Average
Clothing,5557.0,2.92,Out of Stock,14.0,4779.02,Premium,Average
Clothing,8722.0,3.39,In Stock,26.0,6454.28,Luxury,Good
Home & Garden,2642.0,3.68,Out of Stock,49.0,1347.42,Mid-Range,Good
Home & Garden,913.0,1.33,In Stock,15.0,776.05,Budget,Poor
Home & Garden,3103.0,2.84,In Stock,20.0,2482.4,Mid-Range,Average
Home & Garden,8687.0,2.61,In Stock,19.0,7036.47,Luxury,Average
Home & Garden,5699.0,3.19,Out of Stock,24.0,4331.24,Premium,Good
Home & Garden,9686.0,4.71,In Stock,27.0,7070.78,Luxury,Excellent
Home & Garden,1557.0,1.64,In Stock,23.0,1198.89,Budget,Poor
Home & Garden,5236.0,2.29,In Stock,10.0,4712.4,Premium,Average
Home & Garden,8598.0,3.05,In Stock,47.0,4556.94,Luxury,Good
Sports,7621.0,3.24,Out of Stock,30.0,5334.7,Luxury,Good
Home & Garden,3130.0,3.08,In Stock,16.0,2629.2,Mid-Range,Good
Home & Garden,3086.0,3.05,Out of Stock,2.0,3024.28,Mid-Range,Good
Home & Garden,1051.0,2.98,In Stock,10.0,945.9,Budget,Average
Home & Garden,5887.0,2.16,In Stock,48.0,3061.24,Premium,Average
Home & Garden,1320.0,2.36,In Stock,12.0,1161.6,Budget,Average
Home & Garden,7446.0,1.53,Out of Stock,31.0,5137.74,Premium,Poor
Home & Garden,505.0,3.05,Out of Stock,30.0,353.5,Budget,Good
Home & Garden,5334.0,3.05,Out of Stock,14.0,4587.24,Premium,Good
Home & Garden,3389.0,1.94,Out of Stock,2.0,3321.22,Mid-Range,Poor
Home & Garden,5945.0,3.55,Out of Stock,23.0,4577.65,Premium,Good
Home & Garden,1142.0,2.26,Out of Stock,16.0,959.28,Budget,Average
Home & Garden,4138.0,3.46,In Stock,24.0,3144.88,Mid-Range,Good
Home & Garden,3526.0,2.18,Out of Stock,18.0,2891.32,Mid-Range,Average
Home & Garden,2604.0,3.05,Out of Stock,24.0,1979.04,Mid-Range,Good
Home & Garden,9502.0,4.06,In Stock,4.0,9121.92,Luxury,Excellent
Home & Garden,3542.0,2.27,Out of Stock,36.0,2266.88,Mid-Range,Average
Home & Garden,8987.0,4.58,Out of Stock,32.0,6111.16,Luxury,Excellent
Home & Garden,4962.0,3.99,In Stock,10.0,4465.8,Mid-Range,Good
Electronics,9933.0,3.03,In Stock,15.0,8443.05,Luxury,Good
Home & Garden,9887.0,1.72,In Stock,12.0,8700.56,Luxury,Poor
Home & Garden,6994.0,3.82,Out of Stock,11.0,6224.66,Premium,Good
Home & Garden,7477.0,3.63,In Stock,25.0,5607.75,Premium,Good
Home & Garden,9198.0,4.5,Out of Stock,40.0,5518.8,Luxury,Excellent
Electronics,3125.0,3.03,In Stock,18.0,2562.5,Mid-Range,Good
Home & Garden,4070.0,3.05,In Stock,46.0,2197.8,Mid-Range,Good
Home & Garden,2190.0,3.05,In Stock,10.0,1971.0,Budget,Good
Home & Garden,7550.0,3.05,In Stock,24.0,5738.0,Luxury,Good
Home & Garden,2023.0,4.9,In Stock,31.0,1395.87,Budget,Excellent
Home & Garden,1415.0,2.38,Out of Stock,42.0,820.7,Budget,Average
Clothing,8444.0,2.77,In Stock,41.0,4981.96,Luxury,Average
Home & Garden,6169.0,2.7,Out of Stock,38.0,3824.78,Premium,Average
Home & Garden,3540.0,3.05,Out of Stock,15.0,3009.0,Mid-Range,Good
Home & Garden,8313.0,2.72,In Stock,16.0,6982.92,Luxury,Average
Home & Garden,2695.0,3.78,Out of Stock,5.0,2560.25,Mid-Range,Good
Home & Garden,9809.0,2.14,In Stock,8.0,9024.28,Luxury,Average
Home & Garden,7046.0,1.71,In Stock,5.0,6693.7,Premium,Poor
Home & Garden,6235.0,2.1,Out of Stock,24.0,4738.6,Premium,Average
Home & Garden,7534.0,4.41,In Stock,24.0,5725.84,Luxury,Excellent
Home & Garden,4962.0,1.0,Out of Stock,21.0,3919.98,Mid-Range,Poor
Home & Garden,4863.0,3.05,Out of Stock,24.0,3695.88,Mid-Range,Good
Electronics,5271.0,3.03,In Stock,45.0,2899.05,Premium,Good
Home & Garden,947.0,3.05,In Stock,5.0,899.65,Budget,Good
Home & Garden,5946.0,3.66,Out of Stock,24.0,4518.96,Premium,Good
Home & Garden,9257.0,3.05,In Stock,24.0,7035.32,Luxury,Good
Home & Garden,4962.0,4.55,In Stock,35.0,3225.3,Mid-Range,Excellent
Home & Garden,7479.0,3.05,Out of Stock,15.0,6357.15,Premium,Good
Home & Garden,6205.0,3.64,In Stock,29.0,4405.55,Premium,Good
Electronics,1682.0,3.03,In Stock,45.0,925.1,Budget,Good
Home & Garden,918.0,1.72,Out of Stock,34.0,605.88,Budget,Poor
Home & Garden,2863.0,2.31,In Stock,44.0,1603.28,Mid-Range,Average
Home & Garden,9692.0,3.05,In Stock,26.0,7172.08,Luxury,Good
Home & Garden,4917.0,3.05,Out of Stock,21.0,3884.43,Mid-Range,Good
Home & Garden,8537.0,2.96,In Stock,10.0,7683.3,Luxury,Average
Sports,5144.0,3.99,Out of Stock,27.0,3755.12,Premium,Good
Home & Garden,2806.0,1.07,Out of Stock,30.0,1964.2,Mid-Range,Poor
Home & Garden,9585.0,4.72,In Stock,24.0,7284.6,Luxury,Excellent
Home & Garden,564.0,3.05,In Stock,49.0,287.64,Budget,Good
Home & Garden,1036.0,1.39,In Stock,39.0,631.96,Budget,Poor
Home & Garden,7268.0,4.14,In Stock,35.0,4724.2,Premium,Excellent
Home & Garden,2122.0,1.07,In Stock,24.0,1612.72,Budget,Poor
Home & Garden,2261.0,1.15,Out of Stock,11.0,2012.29,Budget,Poor
Clothing,722.0,3.25,In Stock,19.0,584.82,Budget,Good
Home & Garden,1022.0,3.05,In Stock,1.0,1011.78,Budget,Good
Home & Garden,5237.0,4.85,In Stock,49.0,2670.87,Premium,Excellent
Home & Garden,3549.0,3.22,In Stock,1.0,3513.51,Mid-Range,Good
Home & Garden,9115.0,1.01,In Stock,24.0,6927.4,Luxury,Poor
Home & Garden,6676.0,3.54,In Stock,24.0,5073.76,Premium,Good
Home & Garden,6530.0,3.05,In Stock,26.0,4832.2,Premium,Good
Home & Garden,4962.0,2.03,In Stock,37.0,3126.06,Mid-Range,Average
Home & Garden,6438.0,1.61,In Stock,39.0,3927.18,Premium,Poor
Home & Garden,3471.0,2.17,Out of Stock,5.0,3297.45,Mid-Range,Average
Electronics,3231.0,2.65,Out of Stock,8.0,2972.52,Mid-Range,Average
Home & Garden,5674.0,3.05,In Stock,24.0,4312.24,Premium,Good
Home & Garden,1260.0,3.63,Out of Stock,43.0,718.2,Budget,Good
Home & Garden,249.0,3.09,In Stock,26.0,184.26,Budget,Good
Home & Garden,8170.0,4.03,Out of Stock,35.0,5310.5,Luxury,Excellent
Home & Garden,3432.0,1.39,In Stock,45.0,1887.6,Mid-Range,Poor
Electronics,2720.0,3.07,In Stock,23.0,2094.4,Mid-Range,Good
Home & Garden,8925.0,1.01,Out of Stock,20.0,7140.0,Luxury,Poor
Home & Garden,1250.0,2.81,Out of Stock,20.0,1000.0,Budget,Average
Home & Garden,1903.0,3.05,Out of Stock,46.0,1027.62,Budget,Good
Sports,7139.0,3.24,In Stock,43.0,4069.23,Premium,Good
Home & Garden,8596.0,4.57,Out of Stock,35.0,5587.4,Luxury,Excellent
Home & Garden,6564.0,2.35,In Stock,49.0,3347.64,Premium,Average
Home & Garden,2905.0,3.05,Out of Stock,27.0,2120.65,Mid-Range,Good
Clothing,6381.0,4.17,Out of Stock,31.0,4402.89,Premium,Excellent
Home & Garden,4347.0,3.05,Out of Stock,41.0,2564.73,Mid-Range,Good
Home & Garden,291.0,3.96,In Stock,39.0,177.51,Budget,Good
Home & Garden,562.0,1.64,In Stock,3.0,545.14,Budget,Poor
Home & Garden,614.0,3.05,Out of Stock,13.0,534.18,Budget,Good
Clothing,5499.0,3.25,In Stock,24.5,4151.74,Premium,Good
Home & Garden,9617.0,3.05,Out of Stock,24.0,7308.92,Luxury,Good
Sports,5341.0,3.24,In Stock,26.0,3952.34,Premium,Good
Home & Garden,2997.0,2.94,Out of Stock,24.0,2277.72,Mid-Range,Average
Home & Garden,1665.0,4.86,In Stock,34.0,1098.9,Budget,Excellent
Home & Garden,2577.0,3.05,Out of Stock,49.0,1314.27,Mid-Range,Good
Electronics,5778.0,3.03,In Stock,20.0,4622.4,Premium,Good
Home & Garden,9697.0,3.66,In Stock,40.0,5818.2,Luxury,Good
Home & Garden,4962.0,2.77,Out of Stock,45.0,2729.1,Mid-Range,Average
Home & Garden,1481.0,1.2,In Stock,26.0,1095.94,Budget,Poor
Home & Garden,4870.0,3.05,Out of Stock,2.0,4772.6,Mid-Range,Good
Home & Garden,7087.0,4.29,In Stock,35.0,4606.55,Premium,Excellent
Home & Garden,3650.0,3.05,In Stock,37.0,2299.5,Mid-Range,Good
Home & Garden,3024.0,3.05,In Stock,16.0,2540.16,Mid-Range,Good
Home & Garden,328.0,3.05,Out of Stock,41.0,193.52,Budget,Good
Home & Garden,1538.0,3.05,In Stock,41.0,907.42,Budget,Good
Electronics,5721.0,3.58,In Stock,40.0,3432.6,Premium,Good
Home & Garden,9329.0,3.05,In Stock,48.0,4851.08,Luxury,Good
Home & Garden,3568.0,4.11,Out of Stock,11.0,3175.52,Mid-Range,Excellent
Home & Garden,7252.0,3.05,Out of Stock,36.0,4641.28,Premium,Good
Home & Garden,9119.0,2.59,In Stock,10.0,8207.1,Luxury,Average
Sports,8081.0,3.65,In Stock,12.0,7111.28,Luxury,Good
Home & Garden,4962.0,3.7,In Stock,30.0,3473.4,Mid-Range,Good
Home & Garden,381.0,3.05,Out of Stock,21.0,300.99,Budget,Good
Home & Garden,1249.0,2.56,In Stock,49.0,636.99,Budget,Average
Clothing,6446.0,3.54,Out of Stock,24.5,4866.73,Premium,Good
Home & Garden,8709.0,3.05,In Stock,19.0,7054.29,Luxury,Good
Home & Garden,5539.0,1.81,Out of Stock,17.0,4597.37,Premium,Poor
Home & Garden,7288.0,2.04,In Stock,15.0,6194.8,Premium,Average
Sports,6778.0,3.24,In Stock,41.0,3999.02,Premium,Good
Home & Garden,7675.0,3.05,Out of Stock,1.0,7598.25,Luxury,Good
Home & Garden,9236.0,3.05,Out of Stock,15.0,7850.6,Luxury,Good
Home & Garden,2705.0,4.53,In Stock,7.0,2515.65,Mid-Range,Excellent
Sports,4246.0,3.24,Out of Stock,34.0,2802.36,Mid-Range,Good
Home & Garden,2228.0,3.19,In Stock,23.0,1715.56,Budget,Good
Home & Garden,7314.0,4.62,In Stock,30.0,5119.8,Premium,Excellent
Sports,8737.0,4.1,In Stock,41.0,5154.83,Luxury,Excellent
Home & Garden,3536.0,3.05,In Stock,13.0,3076.32,Mid-Range,Good
Home & Garden,5272.0,3.05,In Stock,25.0,3954.0,Premium,Good
Home & Garden,5113.0,3.05,Out of Stock,17.0,4243.79,Premium,Good
Home & Garden,2735.0,2.92,In Stock,26.0,2023.9,Mid-Range,Average
Home & Garden,2432.0,3.05,Out of Stock,16.0,2042.88,Budget,Good
Home & Garden,4962.0,1.63,In Stock,46.0,2679.48,Mid-Range,Poor
Home & Garden,5736.0,3.05,In Stock,14.0,4932.96,Premium,Good
Home & Garden,3241.0,4.86,In Stock,7.0,3014.13,Mid-Range,Excellent
Sports,434.0,3.24,Out of Stock,6.0,407.96,Budget,Good
Clothing,9715.0,4.56,In Stock,1.0,9617.85,Luxury,Excellent
Home & Garden,2666.0,2.98,In Stock,28.0,1919.52,Mid-Range,Average
Home & Garden,3215.0,2.38,In Stock,24.0,2443.4,Mid-Range,Average
Home & Garden,736.0,3.05,In Stock,12.0,647.68,Budget,Good
Home & Garden,4650.0,1.17,Out of Stock,11.0,4138.5,Mid-Range,Poor
Home & Garden,4392.0,2.73,In Stock,13.0,3821.04,Mid-Range,Average
Home & Garden,535.0,3.05,In Stock,9.0,486.85,Budget,Good
Home & Garden,703.0,1.33,Out of Stock,4.0,674.88,Budget,Poor
Home & Garden,620.0,3.05,Out of Stock,33.0,415.4,Budget,Good
Sports,4290.0,3.24,In Stock,13.0,3732.3,Mid-Range,Good
Electronics,8171.0,2.06,Out of Stock,14.0,7027.06,Luxury,Average
Home & Garden,1305.0,3.05,In Stock,38.0,809.1,Budget,Good
Home & Garden,1078.0,4.71,In Stock,23.0,830.06,Budget,Excellent
Home & Garden,6285.0,2.61,In Stock,27.0,4588.05,Premium,Average
Home & Garden,6551.0,4.25,In Stock,5.0,6223.45,Premium,Excellent
Home & Garden,9566.0,3.05,Out of Stock,1.0,9470.34,Luxury,Good
Home & Garden,4962.0,3.05,Out of Stock,24.0,3771.12,Mid-Range,Good
Home & Garden,9442.0,2.69,In Stock,39.0,5759.62,Luxury,Average
Electronics,1521.0,3.03,In Stock,29.0,1079.91,Budget,Good
Home & Garden,1704.0,2.85,In Stock,6.0,1601.76,Budget,Average
Home & Garden,158.0,3.05,Out of Stock,12.0,139.04,Budget,Good
Home & Garden,231.0,1.44,In Stock,38.0,143.22,Budget,Poor
Sports,8041.0,4.25,In Stock,5.0,7638.95,Luxury,Excellent
Electronics,420.0,2.66,In Stock,1.0,415.8,Budget,Average
Home & Garden,7645.0,3.05,In Stock,25.0,5733.75,Luxury,Good
Sports,5297.0,3.93,In Stock,5.0,5032.15,Premium,Good
Home & Garden,4636.0,3.05,In Stock,8.0,4265.12,Mid-Range,Good
Home & Garden,7341.0,3.05,In Stock,21.0,5799.39,Premium,Good
Clothing,1971.0,3.25,In Stock,1.0,1951.29,Budget,Good
Home & Garden,4945.0,2.24,Out of Stock,7.0,4598.85,Mid-Range,Average
Clothing,3412.0,3.25,Out of Stock,24.0,2593.12,Mid-Range,Good
Clothing,2940.0,2.81,In Stock,47.0,1558.2,Mid-Range,Average
Home & Garden,4962.0,4.54,In Stock,31.0,3423.78,Mid-Range,Excellent
Home & Garden,3280.0,3.05,Out of Stock,29.0,2328.8,Mid-Range,Good
Home & Garden,409.0,3.05,Out of Stock,16.0,343.56,Budget,Good
Clothing,8690.0,3.25,Out of Stock,1.0,8603.1,Luxury,Good
Home & Garden,9287.0,4.7,In Stock,2.0,9101.26,Luxury,Excellent
Home & Garden,3590.0,4.1,Out of Stock,24.0,2728.4,Mid-Range,Excellent
Sports,7644.0,3.24,Out of Stock,26.0,5656.56,Luxury,Good
Home & Garden,2428.0,3.05,Out of Stock,47.0,1286.84,Budget,Good
Electronics,5310.0,3.65,Out of Stock,1.0,5256.9,Premium,Good
Home & Garden,2699.0,4.34,Out of Stock,40.0,1619.4,Mid-Range,Excellent
Home & Garden,3341.0,4.84,In Stock,44.0,1870.96,Mid-Range,Excellent
Home & Garden,7173.0,1.94,In Stock,13.0,6240.51,Premium,Poor
Clothing,7293.0,1.96,In Stock,29.0,5178.03,Premium,Poor
Home & Garden,4004.0,3.05,Out of Stock,31.0,2762.76,Mid-Range,Good
Home & Garden,6722.0,2.42,In Stock,8.0,6184.24,Premium,Average
Home & Garden,1328.0,2.91,In Stock,27.0,969.44,Budget,Average
Clothing,8583.0,3.25,In Stock,31.0,5922.27,Luxury,Good
Clothing,4461.0,3.25,In Stock,39.0,2721.21,Mid-Range,Good
Sports,4888.0,3.24,In Stock,2.0,4790.24,Mid-Range,Good
Home & Garden,9374.0,3.0,In Stock,28.0,6749.28,Luxury,Average
Home & Garden,8339.0,3.92,In Stock,41.0,4920.01,Luxury,Good
Home & Garden,7640.0,3.05,In Stock,0.0,7640.0,Luxury,Good
Home & Garden,1700.0,1.38,In Stock,13.0,1479.0,Budget,Poor
Home & Garden,680.0,3.05,In Stock,18.0,557.6,Budget,Good
Home & Garden,2541.0,3.63,In Stock,37.0,1600.83,Mid-Range,Good
Home & Garden,6322.0,3.05,Out of Stock,24.0,4804.72,Premium,Good
Clothing,6924.0,4.07,In Stock,24.5,5227.62,Premium,Excellent
Clothing,1103.0,3.25,In Stock,47.0,584.59,Budget,Good
Home & Garden,9686.0,1.8,Out of Stock,19.0,7845.66,Luxury,Poor
Home & Garden,8669.0,4.64,Out of Stock,12.0,7628.72,Luxury,Excellent
Home & Garden,4097.0,3.05,Out of Stock,34.0,2704.02,Mid-Range,Good
Home & Garden,8281.0,3.05,In Stock,12.0,7287.28,Luxury,Good
Home & Garden,1832.0,3.05,In Stock,28.0,1319.04,Budget,Good
Clothing,3741.0,3.25,In Stock,47.0,1982.73,Mid-Range,Good
Home & Garden,7054.0,3.05,Out of Stock,49.0,3597.54,Premium,Good
Home & Garden,6355.0,2.76,Out of Stock,0.0,6355.0,Premium,Average
Electronics,1511.0,2.97,Out of Stock,7.0,1405.23,Budget,Average
Home & Garden,1545.0,2.14,In Stock,29.0,1096.95,Budget,Average
Sports,828.0,2.15,Out of Stock,8.0,761.76,Budget,Average
Sports,6483.0,3.24,In Stock,33.0,4343.61,Premium,Good
Home & Garden,3704.0,2.94,In Stock,1.0,3666.96,Mid-Range,Average
Clothing,3650.0,1.46,In Stock,34.0,2409.0,Mid-Range,Poor
Home & Garden,6354.0,2.87,In Stock,46.0,3431.16,Premium,Average
Home & Garden,3093.0,1.1,In Stock,42.0,1793.94,Mid-Range,Poor
Sports,8585.0,3.24,In Stock,43.0,4893.45,Luxury,Good
Home & Garden,9832.0,4.97,Out of Stock,2.0,9635.36,Luxury,Excellent
Electronics,3726.0,3.03,In Stock,26.0,2757.24,Mid-Range,Good
Home & Garden,7030.0,3.05,Out of Stock,19.0,5694.3,Premium,Good
Home & Garden,5769.0,3.05,Out of Stock,18.0,4730.58,Premium,Good
Home & Garden,2883.0,2.76,Out of Stock,35.0,1873.95,Mid-Range,Average
Home & Garden,3736.0,1.03,In Stock,26.0,2764.64,Mid-Range,Poor
Home & Garden,7702.0,1.16,Out of Stock,21.0,6084.58,Luxury,Poor
Home & Garden,4437.0,3.05,In Stock,8.0,4082.04,Mid-Range,Good
Home & Garden,6987.0,3.05,In Stock,24.0,5310.12,Premium,Good
Home & Garden,7648.0,3.05,In Stock,45.0,4206.4,Luxury,Good
Home & Garden,1670.0,3.05,In Stock,13.0,1452.9,Budget,Good
Clothing,5335.0,3.25,Out of Stock,12.0,4694.8,Premium,Good
Electronics,6117.0,3.03,In Stock,26.0,4526.58,Premium,Good
Clothing,1695.0,3.14,In Stock,7.0,1576.35,Budget,Good
Clothing,4769.0,3.2,In Stock,41.0,2813.71,Mid-Range,Good
Home & Garden,8325.0,3.75,In Stock,6.0,7825.5,Luxury,Good
Home & Garden,1804.0,3.05,In Stock,7.0,1677.72,Budget,Good
Home & Garden,9951.0,3.05,In Stock,26.0,7363.74,Luxury,Good
Home & Garden,4828.0,3.05,In Stock,22.0,3765.84,Mid-Range,Good
Home & Garden,1698.0,3.09,In Stock,11.0,1511.22,Budget,Good
Home & Garden,2571.0,1.24,In Stock,22.0,2005.38,Mid-Range,Poor
Home & Garden,3691.0,4.8,In Stock,37.0,2325.33,Mid-Range,Excellent
Home & Garden,4962.0,3.05,Out of Stock,23.0,3820.74,Mid-Range,Good
Sports,6967.0,2.93,In Stock,39.0,4249.87,Premium,Average
Home & Garden,9148.0,3.05,In Stock,46.0,4939.92,Luxury,Good
Electronics,3701.0,3.03,In Stock,12.0,3256.88,Mid-Range,Good
Home & Garden,6867.0,3.05,In Stock,3.0,6660.99,Premium,Good
Home & Garden,2610.0,2.79,In Stock,10.0,2349.0,Mid-Range,Average
Home & Garden,7606.0,3.65,In Stock,24.0,5780.56,Luxury,Good
Home & Garden,3135.0,4.59,In Stock,28.0,2257.2,Mid-Range,Excellent
Sports,5597.0,3.12,In Stock,27.0,4085.81,Premium,Good
Home & Garden,1839.0,4.27,Out of Stock,16.0,1544.76,Budget,Excellent
Sports,4763.0,3.97,In Stock,42.0,2762.54,Mid-Range,Good
Home & Garden,4219.0,3.05,In Stock,37.0,2657.97,Mid-Range,Good
Home & Garden,5608.0,4.16,Out of Stock,6.0,5271.52,Premium,Excellent
Clothing,5195.0,3.69,In Stock,3.0,5039.15,Premium,Good
Home & Garden,2540.0,3.05,In Stock,40.0,1524.0,Mid-Range,Good
Home & Garden,6716.0,1.79,In Stock,7.0,6245.88,Premium,Poor
Clothing,3722.0,3.25,Out of Stock,37.0,2344.86,Mid-Range,Good
Home & Garden,8682.0,1.19,In Stock,47.0,4601.46,Luxury,Poor
Home & Garden,2647.0,3.05,In Stock,24.0,2011.72,Mid-Range,Good
Electronics,4104.0,3.03,Out of Stock,39.0,2503.44,Mid-Range,Good
Home & Garden,6952.0,4.51,In Stock,4.0,6673.92,Premium,Excellent
Home & Garden,9928.0,3.05,In Stock,49.0,5063.28,Luxury,Good
Home & Garden,5712.0,2.75,Out of Stock,45.0,3141.6,Premium,Average
Home & Garden,251.0,1.03,Out of Stock,44.0,140.56,Budget,Poor
Home & Garden,3611.0,1.92,In Stock,36.0,2311.04,Mid-Range,Poor
Home & Garden,3295.0,1.54,In Stock,11.0,2932.55,Mid-Range,Poor
Home & Garden,889.0,3.05,Out of Stock,45.0,488.95,Budget,Good
Home & Garden,1972.0,2.25,In Stock,10.0,1774.8,Budget,Average
Home & Garden,5429.0,4.96,In Stock,2.0,5320.42,Premium,Excellent
Home & Garden,4415.0,1.45,Out of Stock,45.0,2428.25,Mid-Range,Poor
Home & Garden,6889.0,3.05,In Stock,13.0,5993.43,Premium,Good
Home & Garden,4962.0,3.05,Out of Stock,16.0,4168.08,Mid-Range,Good
Sports,2507.0,3.24,Out of Stock,45.0,1378.85,Mid-Range,Good
Home & Garden,8945.0,4.67,Out of Stock,11.0,7961.05,Luxury,Excellent
Home & Garden,6533.0,1.39,In Stock,32.0,4442.44,Premium,Poor
Home & Garden,4318.0,2.13,Out of Stock,24.0,3281.68,Mid-Range,Average
Home & Garden,2173.0,3.05,Out of Stock,24.0,1651.48,Budget,Good
Home & Garden,2996.0,3.4,In Stock,49.0,1527.96,Mid-Range,Good
Sports,521.0,1.11,Out of Stock,30.0,364.7,Budget,Poor
Home & Garden,4158.0,3.26,In Stock,7.0,3866.94,Mid-Range,Good
Home & Garden,7314.0,3.05,In Stock,41.0,4315.26,Premium,Good
Home & Garden,3430.0,3.05,Out of Stock,27.0,2503.9,Mid-Range,Good
Home & Garden,4962.0,2.28,In Stock,28.0,3572.64,Mid-Range,Average
Home & Garden,5556.0,3.05,In Stock,1.0,5500.44,Premium,Good
Home & Garden,7425.0,2.33,In Stock,22.0,5791.5,Premium,Average
Home & Garden,6689.0,1.02,In Stock,20.0,5351.2,Premium,Poor
Home & Garden,5132.0,3.05,Out of Stock,43.0,2925.24,Premium,Good
Home & Garden,5475.0,3.05,Out of Stock,13.0,4763.25,Premium,Good
Home & Garden,4962.0,3.05,Out of Stock,6.0,4664.28,Mid-Range,Good
Sports,8273.0,4.15,In Stock,7.0,7693.89,Luxury,Excellent
Home & Garden,5565.0,3.05,In Stock,47.0,2949.45,Premium,Good
Clothing,4071.0,4.2,In Stock,32.0,2768.28,Mid-Range,Excellent
Home & Garden,2269.0,3.05,In Stock,31.0,1565.61,Budget,Good
Home & Garden,7671.0,2.06,In Stock,24.0,5829.96,Luxury,Average
Clothing,3472.0,3.25,Out of Stock,41.0,2048.48,Mid-Range,Good
Home & Garden,3430.0,3.05,In Stock,27.0,2503.9,Mid-Range,Good
Home & Garden,3668.0,3.05,In Stock,20.0,2934.4,Mid-Range,Good
Home & Garden,4962.0,3.05,In Stock,11.0,4416.18,Mid-Range,Good
Home & Garden,8460.0,3.05,In Stock,18.0,6937.2,Luxury,Good
Home & Garden,296.0,3.05,In Stock,11.0,263.44,Budget,Good
Home & Garden,3145.0,1.85,In Stock,15.0,2673.25,Mid-Range,Poor
Electronics,3545.0,3.03,In Stock,18.0,2906.9,Mid-Range,Good
Home & Garden,3688.0,3.05,In Stock,7.0,3429.84,Mid-Range,Good
Electronics,7243.0,3.03,Out of Stock,7.0,6735.99,Premium,Good
Electronics,5124.0,1.11,In Stock,26.0,3791.76,Premium,Poor
Home & Garden,4924.0,4.9,Out of Stock,13.0,4283.88,Mid-Range,Excellent
Home & Garden,9157.0,3.05,In Stock,49.0,4670.07,Luxury,Good
Home & Garden,1135.0,3.05,In Stock,42.0,658.3,Budget,Good
Home & Garden,4267.0,3.05,In Stock,19.0,3456.27,Mid-Range,Good
Sports,5969.0,3.24,Out of Stock,17.0,4954.27,Premium,Good
Sports,6161.0,3.24,In Stock,39.0,3758.21,Premium,Good
Home & Garden,7874.0,3.01,Out of Stock,34.0,5196.84,Luxury,Good
Home & Garden,317.0,3.05,Out of Stock,27.0,231.41,Budget,Good
Home & Garden,1557.0,3.86,In Stock,15.0,1323.45,Budget,Good
Home & Garden,571.0,3.03,In Stock,37.0,359.73,Budget,Good
Home & Garden,8282.0,4.85,Out of Stock,2.0,8116.36,Luxury,Excellent
Home & Garden,4962.0,3.05,In Stock,48.0,2580.24,Mid-Range,Good
Home & Garden,5219.0,3.05,In Stock,19.0,4227.39,Premium,Good
Home & Garden,2760.0,3.71,Out of Stock,11.0,2456.4,Mid-Range,Good
Home & Garden,9501.0,3.05,Out of Stock,15.0,8075.85,Luxury,Good
Home & Garden,7629.0,4.41,In Stock,3.0,7400.13,Luxury,Excellent
Home & Garden,6868.0,3.99,In Stock,20.0,5494.4,Premium,Good
Home & Garden,8863.0,3.05,In Stock,15.0,7533.55,Luxury,Good
Home & Garden,3465.0,3.05,Out of Stock,40.0,2079.0,Mid-Range,Good
Electronics,6319.0,3.03,Out of Stock,47.0,3349.07,Premium,Good
Home & Garden,498.0,4.26,In Stock,35.0,323.7,Budget,Excellent
Home & Garden,3452.0,3.15,In Stock,33.0,2312.84,Mid-Range,Good
Home & Garden,1802.0,3.05,Out of Stock,24.0,1369.52,Budget,Good
Home & Garden,3066.0,3.05,Out of Stock,34.0,2023.56,Mid-Range,Good
Home & Garden,2148.0,3.05,In Stock,23.0,1653.96,Budget,Good
Sports,4943.0,3.24,In Stock,14.0,4250.98,Mid-Range,Good
Home & Garden,1425.0,3.05,In Stock,25.0,1068.75,Budget,Good
Sports,1083.0,3.29,Out of Stock,28.0,779.76,Budget,Good
Home & Garden,398.0,2.13,Out of Stock,20.0,318.4,Budget,Average
Home & Garden,4902.0,3.97,Out of Stock,31.0,3382.38,Mid-Range,Good
Home & Garden,1735.0,3.51,In Stock,20.0,1388.0,Budget,Good
Home & Garden,7213.0,3.05,In Stock,7.0,6708.09,Premium,Good
Home & Garden,284.0,3.05,In Stock,7.0,264.12,Budget,Good
Sports,2655.0,3.24,In Stock,32.0,1805.4,Mid-Range,Good
Home & Garden,9029.0,1.16,In Stock,24.0,6862.04,Luxury,Poor
Home & Garden,1690.0,4.77,In Stock,11.0,1504.1,Budget,Excellent
Clothing,3837.0,3.25,Out of Stock,18.0,3146.34,Mid-Range,Good
Home & Garden,6216.0,1.91,In Stock,35.0,4040.4,Premium,Poor
Home & Garden,6135.0,4.17,Out of Stock,40.0,3681.0,Premium,Excellent
Home & Garden,5325.0,2.18,Out of Stock,11.0,4739.25,Premium,Average
Sports,9569.0,3.24,Out of Stock,32.0,6506.92,Luxury,Good
Home & Garden,6916.0,4.33,In Stock,42.0,4011.28,Premium,Excellent
Home & Garden,6993.0,3.21,Out of Stock,40.0,4195.8,Premium,Good
Electronics,1628.0,3.03,Out of Stock,11.0,1448.92,Budget,Good
Home & Garden,7891.0,2.2,In Stock,47.0,4182.23,Luxury,Average
Home & Garden,4962.0,3.05,Out of Stock,36.0,3175.68,Mid-Range,Good
Clothing,9780.0,3.25,In Stock,15.0,8313.0,Luxury,Good
Electronics,8325.0,3.03,Out of Stock,31.0,5744.25,Luxury,Good
Home & Garden,2570.0,3.05,Out of Stock,16.0,2158.8,Mid-Range,Good
Home & Garden,868.0,3.05,Out of Stock,21.0,685.72,Budget,Good
Home & Garden,9303.0,3.05,Out of Stock,13.0,8093.61,Luxury,Good
Home & Garden,4147.0,4.34,In Stock,21.0,3276.13,Mid-Range,Excellent
Home & Garden,889.0,3.05,In Stock,26.0,657.86,Budget,Good
Sports,568.0,4.48,In Stock,3.0,550.96,Budget,Excellent
Home & Garden,1466.0,2.53,In Stock,37.0,923.58,Budget,Average
Home & Garden,7111.0,3.05,In Stock,24.0,5404.36,Premium,Good
Sports,5031.0,4.92,In Stock,42.0,2917.98,Premium,Excellent
Home & Garden,8984.0,2.14,In Stock,22.0,7007.52,Luxury,Average
Clothing,5655.0,3.25,In Stock,41.0,3336.45,Premium,Good
Home & Garden,4962.0,3.05,In Stock,45.0,2729.1,Mid-Range,Good
Clothing,8082.0,3.25,In Stock,2.0,7920.36,Luxury,Good
Home & Garden,4962.0,3.37,In Stock,9.0,4515.42,Mid-Range,Good
Clothing,2137.0,3.25,In Stock,26.0,1581.38,Budget,Good
Clothing,7731.0,4.37,In Stock,32.0,5257.08,Luxury,Excellent
Electronics,7539.0,3.54,In Stock,29.0,5352.69,Luxury,Good
Home & Garden,7340.0,3.05,In Stock,24.0,5578.4,Premium,Good
Home & Garden,4672.0,3.33,In Stock,49.0,2382.72,Mid-Range,Good
Electronics,7180.0,3.03,In Stock,2.0,7036.4,Premium,Good
Clothing,4734.0,2.73,Out of Stock,0.0,4734.0,Mid-Range,Average
Home & Garden,500.0,3.05,In Stock,43.0,285.0,Budget,Good
Clothing,7257.0,3.25,In Stock,17.0,6023.31,Premium,Good
Home & Garden,3867.0,3.05,In Stock,49.0,1972.17,Mid-Range,Good
Home & Garden,7889.0,4.73,In Stock,32.0,5364.52,Luxury,Excellent
Home & Garden,1028.0,3.05,In Stock,34.0,678.48,Budget,Good
Sports,6690.0,1.59,In Stock,5.0,6355.5,Premium,Poor
Home & Garden,2359.0,4.37,In Stock,11.0,2099.51,Budget,Excellent
Home & Garden,8785.0,3.05,In Stock,22.0,6852.3,Luxury,Good
Clothing,5164.0,3.25,In Stock,27.0,3769.72,Premium,Good
Home & Garden,6036.0,3.05,In Stock,24.0,4587.36,Premium,Good
Sports,7147.0,3.24,Out of Stock,16.0,6003.48,Premium,Good
Home & Garden,5707.0,1.92,In Stock,30.0,3994.9,Premium,Poor
Sports,8421.0,1.65,In Stock,4.0,8084.16,Luxury,Poor
Home & Garden,1924.0,3.05,In Stock,20.0,1539.2,Budget,Good
Home & Garden,2642.0,3.05,Out of Stock,2.0,2589.16,Mid-Range,Good
Home & Garden,1889.0,3.08,Out of Stock,41.0,1114.51,Budget,Good
Home & Garden,2328.0,1.46,In Stock,26.0,1722.72,Budget,Poor
Clothing,7799.0,1.68,In Stock,21.0,6161.21,Luxury,Poor
Home & Garden,3867.0,3.05,In Stock,26.0,2861.58,Mid-Range,Good
Home & Garden,1940.0,1.2,Out of Stock,4.0,1862.4,Budget,Poor
Clothing,8282.0,2.12,In Stock,25.0,6211.5,Luxury,Average
Home & Garden,8773.0,3.05,In Stock,15.0,7457.05,Luxury,Good
Home & Garden,6566.0,3.05,In Stock,20.0,5252.8,Premium,Good
Home & Garden,9346.0,3.68,In Stock,39.0,5701.06,Luxury,Good
Home & Garden,5961.0,3.05,Out of Stock,3.0,5782.17,Premium,Good
Sports,8933.0,3.24,In Stock,15.0,7593.05,Luxury,Good
Home & Garden,4374.0,3.05,Out of Stock,21.0,3455.46,Mid-Range,Good
Home & Garden,4962.0,3.05,In Stock,24.0,3771.12,Mid-Range,Good
Home & Garden,4962.0,1.16,In Stock,26.0,3671.88,Mid-Range,Poor
Home & Garden,796.0,3.05,In Stock,18.0,652.72,Budget,Good
Home & Garden,2302.0,3.05,Out of Stock,10.0,2071.8,Budget,Good
Home & Garden,6806.0,3.05,In Stock,18.0,5580.92,Premium,Good
Sports,934.0,4.19,In Stock,9.0,849.94,Budget,Excellent
Home & Garden,3818.0,4.7,Out of Stock,21.0,3016.22,Mid-Range,Excellent
Home & Garden,6281.0,1.5,In Stock,43.0,3580.17,Premium,Poor
Electronics,8574.0,3.03,Out of Stock,26.0,6344.76,Luxury,Good
Home & Garden,684.0,2.33,Out of Stock,24.0,519.84,Budget,Average
Sports,4304.0,4.59,In Stock,1.0,4260.96,Mid-Range,Excellent
Electronics,9221.0,4.76,In Stock,17.0,7653.43,Luxury,Excellent
Electronics,4745.0,3.03,In Stock,0.0,4745.0,Mid-Range,Good
Sports,3740.0,3.61,In Stock,16.0,3141.6,Mid-Range,Good
Sports,440.0,1.0,Out of Stock,10.0,396.0,Budget,Poor
Home & Garden,2352.0,4.46,In Stock,37.0,1481.76,Budget,Excellent
Home & Garden,1519.0,3.05,In Stock,15.0,1291.15,Budget,Good
Electronics,1089.0,3.03,In Stock,32.0,740.52,Budget,Good
Home & Garden,8473.0,3.05,Out of Stock,19.0,6863.13,Luxury,Good
Home & Garden,1786.0,3.05,Out of Stock,14.0,1535.96,Budget,Good
Home & Garden,2993.0,3.05,Out of Stock,43.0,1706.01,Mid-Range,Good
Home & Garden,6961.0,3.53,In Stock,16.0,5847.24,Premium,Good
Home & Garden,1167.0,2.51,In Stock,47.0,618.51,Budget,Average
Home & Garden,126.0,3.05,Out of Stock,23.0,97.02,Budget,Good
Clothing,7441.0,3.25,In Stock,3.0,7217.77,Premium,Good
Sports,2242.0,4.46,Out of Stock,24.0,1703.92,Budget,Excellent
Electronics,6244.0,3.03,In Stock,41.0,3683.96,Premium,Good
Home & Garden,4477.0,4.07,In Stock,37.0,2820.51,Mid-Range,Excellent
Home & Garden,474.0,3.05,In Stock,3.0,459.78,Budget,Good
Home & Garden,4661.0,2.1,In Stock,19.0,3775.41,Mid-Range,Average
Home & Garden,3793.0,2.06,In Stock,22.0,2958.54,Mid-Range,Average
Home & Garden,5506.0,3.05,Out of Stock,29.0,3909.26,Premium,Good
Home & Garden,8437.0,3.05,In Stock,45.0,4640.35,Luxury,Good
Sports,8699.0,4.17,In Stock,30.0,6089.3,Luxury,Excellent
Home & Garden,187.0,1.75,Out of Stock,36.0,119.68,Budget,Poor
Sports,2952.0,3.24,In Stock,34.0,1948.32,Mid-Range,Good
Home & Garden,5754.0,3.05,In Stock,30.0,4027.8,Premium,Good
Home & Garden,6194.0,1.35,Out of Stock,45.0,3406.7,Premium,Poor
Home & Garden,9201.0,3.05,In Stock,14.0,7912.86,Luxury,Good
Home & Garden,7054.0,3.05,In Stock,10.0,6348.6,Premium,Good
Home & Garden,2514.0,4.58,In Stock,2.0,2463.72,Mid-Range,Excellent
Home & Garden,4773.0,2.79,In Stock,27.0,3484.29,Mid-Range,Average
Home & Garden,6258.0,3.05,Out of Stock,10.0,5632.2,Premium,Good
Home & Garden,7028.0,3.12,Out of Stock,34.0,4638.48,Premium,Good
Home & Garden,4531.0,3.05,In Stock,42.0,2627.98,Mid-Range,Good
Home & Garden,1094.0,3.05,In Stock,48.0,568.88,Budget,Good
Sports,3922.0,3.24,Out of Stock,26.0,2902.28,Mid-Range,Good
Home & Garden,6942.0,3.05,In Stock,24.0,5275.92,Premium,Good
Home & Garden,9731.0,2.18,In Stock,12.0,8563.28,Luxury,Average
Home & Garden,4579.0,3.05,In Stock,24.0,3480.04,Mid-Range,Good
Electronics,1034.0,3.03,In Stock,26.0,765.16,Budget,Good
Home & Garden,218.0,3.05,In Stock,25.0,163.5,Budget,Good
Home & Garden,7847.0,4.66,Out of Stock,46.0,4237.38,Luxury,Excellent
Sports,4565.0,3.24,Out of Stock,36.0,2921.6,Mid-Range,Good
Home & Garden,5824.0,4.15,Out of Stock,11.0,5183.36,Premium,Excellent
Electronics,4611.0,4.37,In Stock,10.0,4149.9,Mid-Range,Excellent
Home & Garden,2462.0,2.91,Out of Stock,14.0,2117.32,Budget,Average
Home & Garden,6129.0,3.37,Out of Stock,31.0,4229.01,Premium,Good
Electronics,9599.0,3.03,In Stock,36.0,6143.36,Luxury,Good
Home & Garden,6566.0,4.55,In Stock,24.0,4990.16,Premium,Excellent
Home & Garden,5615.0,2.43,In Stock,13.0,4885.05,Premium,Average
Sports,8075.0,3.24,In Stock,48.0,4199.0,Luxury,Good
Home & Garden,8968.0,3.9,Out of Stock,7.0,8340.24,Luxury,Good
Home & Garden,9714.0,3.05,Out of Stock,10.0,8742.6,Luxury,Good
Home & Garden,5941.0,3.05,Out of Stock,38.0,3683.42,Premium,Good
Home & Garden,3770.0,3.05,Out of Stock,10.0,3393.0,Mid-Range,Good
Home & Garden,4221.0,3.47,In Stock,32.0,2870.28,Mid-Range,Good
Home & Garden,8086.0,3.05,In Stock,19.0,6549.66,Luxury,Good
Home & Garden,5672.0,3.05,In Stock,12.0,4991.36,Premium,Good
Home & Garden,6479.0,2.82,In Stock,32.0,4405.72,Premium,Average
Home & Garden,4793.0,2.71,In Stock,28.0,3450.96,Mid-Range,Average
Clothing,9379.0,1.87,In Stock,23.0,7221.83,Luxury,Poor
Home & Garden,8215.0,2.29,Out of Stock,13.0,7147.05,Luxury,Average
Electronics,4745.0,3.03,In Stock,24.0,3606.2,Mid-Range,Good
Sports,282.0,3.24,In Stock,23.0,217.14,Budget,Good
Home & Garden,4844.0,3.78,Out of Stock,49.0,2470.44,Mid-Range,Good
Clothing,5638.0,3.25,In Stock,12.0,4961.44,Premium,Good
Home & Garden,8823.0,1.13,Out of Stock,24.0,6705.48,Luxury,Poor
Home & Garden,4690.0,3.92,In Stock,22.0,3658.2,Mid-Range,Good
Home & Garden,3475.0,4.72,Out of Stock,6.0,3266.5,Mid-Range,Excellent
Home & Garden,4609.0,3.05,In Stock,5.0,4378.55,Mid-Range,Good
Home & Garden,9265.0,3.05,In Stock,23.0,7134.05,Luxury,Good
Home & Garden,5724.0,3.05,Out of Stock,13.0,4979.88,Premium,Good
Home & Garden,1503.0,2.87,Out of Stock,49.0,766.53,Budget,Average
Home & Garden,4119.0,3.05,In Stock,15.0,3501.15,Mid-Range,Good
Home & Garden,4962.0,3.05,Out of Stock,33.0,3324.54,Mid-Range,Good
Clothing,3216.0,3.25,In Stock,28.0,2315.52,Mid-Range,Good
Clothing,4799.0,3.25,In Stock,41.0,2831.41,Mid-Range,Good
Home & Garden,3557.0,3.05,In Stock,44.0,1991.92,Mid-Range,Good
Home & Garden,3496.0,1.93,In Stock,41.0,2062.64,Mid-Range,Poor
Clothing,9572.0,3.25,Out of Stock,27.0,6987.56,Luxury,Good
Home & Garden,3010.0,4.34,Out of Stock,41.0,1775.9,Mid-Range,Excellent
Home & Garden,1121.0,3.05,Out of Stock,27.0,818.33,Budget,Good
Sports,5950.0,4.42,In Stock,18.0,4879.0,Premium,Excellent
Home & Garden,945.0,4.13,In Stock,34.0,623.7,Budget,Excellent
Home & Garden,7711.0,1.41,Out of Stock,19.0,6245.91,Luxury,Poor
Home & Garden,1762.0,2.84,In Stock,1.0,1744.38,Budget,Average
Home & Garden,3321.0,3.6,In Stock,24.0,2523.96,Mid-Range,Good
Home & Garden,1839.0,3.96,In Stock,39.0,1121.79,Budget,Good
Sports,6313.0,1.55,In Stock,10.0,5681.7,Premium,Poor
Home & Garden,2849.0,1.8,Out of Stock,40.0,1709.4,Mid-Range,Poor
Home & Garden,3193.0,2.39,In Stock,24.0,2426.68,Mid-Range,Average
Home & Garden,6483.0,4.26,In Stock,34.0,4278.78,Premium,Excellent
Sports,6433.0,3.24,In Stock,5.0,6111.35,Premium,Good
Home & Garden,9519.0,3.06,In Stock,12.0,8376.72,Luxury,Good
Home & Garden,3280.0,3.05,In Stock,25.0,2460.0,Mid-Range,Good
Home & Garden,4105.0,3.05,In Stock,17.0,3407.15,Mid-Range,Good
Home & Garden,5258.0,3.05,Out of Stock,25.0,3943.5,Premium,Good
Home & Garden,4962.0,3.74,Out of Stock,27.0,3622.26,Mid-Range,Good
Home & Garden,9326.0,3.05,Out of Stock,3.0,9046.22,Luxury,Good
Sports,8619.0,3.24,In Stock,34.0,5688.54,Luxury,Good
Sports,6259.0,3.24,Out of Stock,25.0,4694.25,Premium,Good
Home & Garden,134.0,2.31,Out of Stock,45.0,73.7,Budget,Average
Electronics,7914.0,3.03,In Stock,2.0,7755.72,Luxury,Good
Sports,9463.0,3.24,In Stock,26.0,7002.62,Luxury,Good
Sports,9295.0,3.24,In Stock,26.0,6878.3,Luxury,Good
Electronics,2838.0,3.03,Out of Stock,25.0,2128.5,Mid-Range,Good
Home & Garden,6490.0,3.05,In Stock,10.0,5841.0,Premium,Good
Sports,4356.0,3.24,In Stock,38.0,2700.72,Mid-Range,Good
Home & Garden,1307.0,3.05,In Stock,30.0,914.9,Budget,Good
Home & Garden,7467.0,4.2,In Stock,48.0,3882.84,Premium,Excellent
Home & Garden,5883.0,3.54,Out of Stock,6.0,5530.02,Premium,Good
Electronics,1411.0,2.28,In Stock,9.0,1284.01,Budget,Average
Clothing,9911.0,3.25,In Stock,3.0,9613.67,Luxury,Good
Electronics,2969.0,1.02,In Stock,23.0,2286.13,Mid-Range,Poor
Clothing,2896.0,3.25,In Stock,8.0,2664.32,Mid-Range,Good
Home & Garden,604.0,3.05,Out of Stock,22.0,471.12,Budget,Good
Sports,323.0,4.16,In Stock,0.0,323.0,Budget,Excellent
Home & Garden,1057.0,3.05,Out of Stock,17.0,877.31,Budget,Good
Home & Garden,3965.0,1.03,In Stock,22.0,3092.7,Mid-Range,Poor
Home & Garden,1577.0,3.05,In Stock,14.0,1356.22,Budget,Good
Sports,8808.0,2.54,Out of Stock,13.0,7662.96,Luxury,Average
Home & Garden,2040.0,3.15,In Stock,24.0,1550.4,Budget,Good
Home & Garden,4737.0,3.05,In Stock,24.0,3600.12,Mid-Range,Good
Home & Garden,5750.0,4.5,In Stock,13.0,5002.5,Premium,Excellent
Home & Garden,1568.0,4.11,In Stock,48.0,815.36,Budget,Excellent
Clothing,8260.0,1.29,Out of Stock,16.0,6938.4,Luxury,Poor
Home & Garden,6212.0,3.05,In Stock,10.0,5590.8,Premium,Good
Home & Garden,2186.0,3.05,Out of Stock,22.0,1705.08,Budget,Good
Home & Garden,6944.0,3.05,In Stock,38.0,4305.28,Premium,Good
Electronics,5343.0,3.03,In Stock,20.0,4274.4,Premium,Good
Home & Garden,8683.0,3.05,In Stock,39.0,5296.63,Luxury,Good
Home & Garden,4509.0,2.95,In Stock,37.0,2840.67,Mid-Range,Average
Home & Garden,9631.0,1.11,In Stock,23.0,7415.87,Luxury,Poor
Clothing,5904.0,4.42,Out of Stock,31.0,4073.76,Premium,Excellent
Home & Garden,6639.0,4.53,In Stock,33.0,4448.13,Premium,Excellent
Home & Garden,997.0,4.44,In Stock,37.0,628.11,Budget,Excellent
Home & Garden,387.0,3.63,In Stock,17.0,321.21,Budget,Good
Home & Garden,7000.0,4.69,In Stock,8.0,6440.0,Premium,Excellent
Home & Garden,7579.0,3.05,Out of Stock,20.0,6063.2,Luxury,Good
Home & Garden,750.0,3.05,Out of Stock,33.0,502.5,Budget,Good
Home & Garden,8024.0,2.51,In Stock,12.0,7061.12,Luxury,Average
Home & Garden,3187.0,4.32,In Stock,20.0,2549.6,Mid-Range,Excellent
Electronics,3770.0,3.03,In Stock,38.0,2337.4,Mid-Range,Good
Home & Garden,5774.0,4.42,In Stock,7.0,5369.82,Premium,Excellent
Home & Garden,6617.0,3.61,In Stock,13.0,5756.79,Premium,Good
Home & Garden,1249.0,3.05,In Stock,10.0,1124.1,Budget,Good
Electronics,3986.0,3.03,Out of Stock,26.0,2949.64,Mid-Range,Good
Home & Garden,2066.0,3.05,Out of Stock,42.0,1198.28,Budget,Good
Clothing,7274.0,1.91,In Stock,7.0,6764.82,Premium,Poor
Home & Garden,4101.0,3.05,In Stock,12.0,3608.88,Mid-Range,Good
Home & Garden,9418.0,3.94,In Stock,9.0,8570.38,Luxury,Good
Home & Garden,7715.0,3.05,In Stock,41.0,4551.85,Luxury,Good
Home & Garden,665.0,3.05,In Stock,22.0,518.7,Budget,Good
Home & Garden,4962.0,4.73,Out of Stock,42.0,2877.96,Mid-Range,Excellent
Electronics,8604.0,3.66,Out of Stock,48.0,4474.08,Luxury,Good
Clothing,9122.0,3.59,In Stock,45.0,5017.1,Luxury,Good
Home & Garden,7335.0,4.97,In Stock,28.0,5281.2,Premium,Excellent
Electronics,6286.0,4.32,In Stock,21.0,4965.94,Premium,Excellent
Home & Garden,4815.0,3.05,Out of Stock,24.0,3659.4,Mid-Range,Good
Clothing,4242.0,1.24,Out of Stock,23.0,3266.34,Mid-Range,Poor
Home & Garden,9513.0,3.05,In Stock,37.0,5993.19,Luxury,Good
Home & Garden,1558.0,2.13,In Stock,34.0,1028.28,Budget,Average
Home & Garden,7381.0,3.05,Out of Stock,31.0,5092.89,Premium,Good
Home & Garden,972.0,4.58,In Stock,24.0,738.72,Budget,Excellent
Sports,5051.0,1.44,Out of Stock,26.0,3737.74,Premium,Poor
Clothing,3003.0,2.72,Out of Stock,7.0,2792.79,Mid-Range,Average
Home & Garden,778.0,2.18,In Stock,45.0,427.9,Budget,Average
Clothing,9470.0,3.25,Out of Stock,1.0,9375.3,Luxury,Good
Electronics,3534.0,3.03,In Stock,26.0,2615.16,Mid-Range,Good
Home & Garden,1535.0,4.64,Out of Stock,7.0,1427.55,Budget,Excellent
Home & Garden,968.0,3.05,In Stock,24.0,735.68,Budget,Good
Sports,3284.0,3.24,In Stock,26.0,2430.16,Mid-Range,Good
Clothing,5693.0,3.25,In Stock,14.0,4895.98,Premium,Good
Sports,7759.0,3.07,Out of Stock,39.0,4732.99,Luxury,Good
Electronics,2562.0,1.15,In Stock,35.0,1665.3,Mid-Range,Poor
Sports,644.0,3.24,Out of Stock,47.0,341.32,Budget,Good
Home & Garden,5212.0,2.11,Out of Stock,42.0,3022.96,Premium,Average
Clothing,7416.0,3.17,In Stock,34.0,4894.56,Premium,Good
Sports,3690.0,3.24,In Stock,4.0,3542.4,Mid-Range,Good
Clothing,9095.0,3.25,In Stock,18.0,7457.9,Luxury,Good
Home & Garden,6510.0,4.31,In Stock,7.0,6054.3,Premium,Excellent
Home & Garden,6262.0,3.05,In Stock,11.0,5573.18,Premium,Good
Home & Garden,9639.0,3.05,In Stock,36.0,6168.96,Luxury,Good
Home & Garden,3471.0,3.05,In Stock,20.0,2776.8,Mid-Range,Good
Home & Garden,4587.0,2.71,Out of Stock,11.0,4082.43,Mid-Range,Average
Home & Garden,3620.0,3.05,In Stock,24.0,2751.2,Mid-Range,Good
Home & Garden,5633.0,3.05,In Stock,45.0,3098.15,Premium,Good
Home & Garden,5857.0,2.67,In Stock,7.0,5447.01,Premium,Average
Home & Garden,357.0,1.48,In Stock,21.0,282.03,Budget,Poor
Home & Garden,3215.0,1.08,Out of Stock,31.0,2218.35,Mid-Range,Poor
Home & Garden,339.0,3.39,In Stock,24.0,257.64,Budget,Good
Home & Garden,7515.0,3.05,In Stock,1.0,7439.85,Luxury,Good
Home & Garden,7409.0,3.05,Out of Stock,23.0,5704.93,Premium,Good
Sports,9154.0,4.27,Out of Stock,26.0,6773.96,Luxury,Excellent
Home & Garden,8447.0,3.05,In Stock,34.0,5575.02,Luxury,Good
Home & Garden,5141.0,3.05,In Stock,24.0,3907.16,Premium,Good
Electronics,4154.0,3.03,In Stock,48.0,2160.08,Mid-Range,Good
Home & Garden,3272.0,3.27,In Stock,46.0,1766.88,Mid-Range,Good
Home & Garden,8292.0,3.74,Out of Stock,24.0,6301.92,Luxury,Good
Home & Garden,124.0,3.05,In Stock,11.0,110.36,Budget,Good
Home & Garden,423.0,2.11,In Stock,7.0,393.39,Budget,Average
Home & Garden,162.0,3.05,In Stock,36.0,103.68,Budget,Good
Home & Garden,3516.0,3.05,In Stock,10.0,3164.4,Mid-Range,Good
Electronics,3772.0,3.03,In Stock,19.0,3055.32,Mid-Range,Good
Home & Garden,1493.0,3.56,Out of Stock,18.0,1224.26,Budget,Good
Sports,8222.0,3.24,Out of Stock,45.0,4522.1,Luxury,Good
Sports,2511.0,3.63,In Stock,33.0,1682.37,Mid-Range,Good
Home & Garden,9439.0,2.65,In Stock,2.0,9250.22,Luxury,Average
Home & Garden,9713.0,4.25,Out of Stock,46.0,5245.02,Luxury,Excellent
Home & Garden,4962.0,3.49,In Stock,32.0,3374.16,Mid-Range,Good
Home & Garden,6953.0,2.54,In Stock,48.0,3615.56,Premium,Average
Home & Garden,3564.0,3.05,Out of Stock,47.0,1888.92,Mid-Range,Good
Home & Garden,9035.0,4.64,In Stock,18.0,7408.7,Luxury,Excellent
Home & Garden,8551.0,3.05,In Stock,20.0,6840.8,Luxury,Good
Home & Garden,3600.0,3.05,In Stock,6.0,3384.0,Mid-Range,Good
Home & Garden,6315.0,3.05,Out of Stock,24.0,4799.4,Premium,Good
Home & Garden,1089.0,2.45,In Stock,6.0,1023.66,Budget,Average
Home & Garden,2903.0,3.05,In Stock,15.0,2467.55,Mid-Range,Good
Home & Garden,5245.0,1.15,In Stock,26.0,3881.3,Premium,Poor
Sports,789.0,3.24,Out of Stock,35.0,512.85,Budget,Good
Home & Garden,7352.0,4.39,Out of Stock,6.0,6910.88,Premium,Excellent
Sports,6744.0,3.24,In Stock,39.0,4113.84,Premium,Good
Home & Garden,8673.0,3.05,Out of Stock,7.0,8065.89,Luxury,Good
Home & Garden,9147.0,4.77,In Stock,17.0,7592.01,Luxury,Excellent
Sports,1669.0,2.11,Out of Stock,46.0,901.26,Budget,Average
Home & Garden,1307.0,3.05,Out of Stock,19.0,1058.67,Budget,Good
Clothing,2763.0,3.29,In Stock,24.5,2086.06,Mid-Range,Good
Sports,5669.0,3.24,In Stock,2.0,5555.62,Premium,Good
Home & Garden,6470.0,3.05,Out of Stock,47.0,3429.1,Premium,Good
Clothing,5499.0,2.95,In Stock,27.0,4014.27,Premium,Average
Home & Garden,5266.0,3.05,In Stock,44.0,2948.96,Premium,Good
Home & Garden,5218.0,3.05,Out of Stock,30.0,3652.6,Premium,Good
Home & Garden,9776.0,4.1,In Stock,13.0,8505.12,Luxury,Excellent
Home & Garden,4936.0,3.39,In Stock,32.0,3356.48,Mid-Range,Good
Home & Garden,9918.0,3.05,In Stock,24.0,7537.68,Luxury,Good
Electronics,4745.0,4.07,In Stock,10.0,4270.5,Mid-Range,Excellent
Clothing,8340.0,2.96,Out of Stock,33.0,5587.8,Luxury,Average
Sports,6886.0,3.24,Out of Stock,19.0,5577.66,Premium,Good
Home & Garden,4811.0,3.05,Out of Stock,22.0,3752.58,Mid-Range,Good
Sports,2660.0,3.24,In Stock,5.0,2527.0,Mid-Range,Good
Home & Garden,5040.0,3.05,Out of Stock,16.0,4233.6,Premium,Good
Home & Garden,8937.0,3.17,In Stock,24.0,6792.12,Luxury,Good
Home & Garden,7171.0,3.56,In Stock,31.0,4947.99,Premium,Good
Home & Garden,2637.0,3.05,In Stock,13.0,2294.19,Mid-Range,Good
Home & Garden,2977.0,4.89,In Stock,23.0,2292.29,Mid-Range,Excellent
Home & Garden,4962.0,3.05,In Stock,46.0,2679.48,Mid-Range,Good
Home & Garden,7299.0,1.18,In Stock,3.0,7080.03,Premium,Poor
Home & Garden,5654.0,3.05,In Stock,27.0,4127.42,Premium,Good
Clothing,7843.0,4.76,Out of Stock,0.0,7843.0,Luxury,Excellent
Home & Garden,193.0,3.48,Out of Stock,27.0,140.89,Budget,Good
Home & Garden,5756.0,3.05,In Stock,11.0,5122.84,Premium,Good
Home & Garden,4765.0,3.05,In Stock,37.0,3001.95,Mid-Range,Good
Home & Garden,1175.0,3.02,Out of Stock,5.0,1116.25,Budget,Good
Home & Garden,2061.0,1.49,In Stock,7.0,1916.73,Budget,Poor
Home & Garden,5123.0,4.93,In Stock,20.0,4098.4,Premium,Excellent
Clothing,2045.0,3.25,In Stock,1.0,2024.55,Budget,Good
Home & Garden,4862.0,2.38,Out of Stock,29.0,3452.02,Mid-Range,Average
Clothing,9178.0,4.99,In Stock,41.0,5415.02,Luxury,Excellent
Home & Garden,4962.0,3.75,Out of Stock,22.0,3870.36,Mid-Range,Good
Home & Garden,3237.0,3.05,Out of Stock,40.0,1942.2,Mid-Range,Good
Home & Garden,4033.0,1.64,In Stock,6.0,3791.02,Mid-Range,Poor
Home & Garden,6217.0,3.05,In Stock,42.0,3605.86,Premium,Good
Home & Garden,1958.0,4.69,Out of Stock,46.0,1057.32,Budget,Excellent
Home & Garden,7051.0,3.05,In Stock,13.0,6134.37,Premium,Good
Home & Garden,8541.0,4.58,In Stock,24.0,6491.16,Luxury,Excellent
Home & Garden,1317.0,3.05,In Stock,20.0,1053.6,Budget,Good
Home & Garden,9240.0,2.64,In Stock,40.0,5544.0,Luxury,Average
Home & Garden,810.0,3.25,In Stock,45.0,445.5,Budget,Good
Home & Garden,7041.0,3.05,In Stock,36.0,4506.24,Premium,Good
Home & Garden,7973.0,3.97,Out of Stock,13.0,6936.51,Luxury,Good
Home & Garden,6433.0,1.6,In Stock,12.0,5661.04,Premium,Poor
Home & Garden,6966.0,3.05,In Stock,43.0,3970.62,Premium,Good
Home & Garden,8449.0,2.66,In Stock,39.0,5153.89,Luxury,Average
Clothing,6387.0,4.81,In Stock,33.0,4279.29,Premium,Excellent
Clothing,7038.0,3.76,Out of Stock,41.0,4152.42,Premium,Good
Sports,3418.0,3.24,In Stock,16.0,2871.12,Mid-Range,Good
Home & Garden,4871.0,3.05,In Stock,28.0,3507.12,Mid-Range,Good
Sports,251.0,3.24,In Stock,3.0,243.47,Budget,Good
Home & Garden,7418.0,3.05,In Stock,43.0,4228.26,Premium,Good
Electronics,1986.0,2.41,In Stock,17.0,1648.38,Budget,Average
Clothing,1202.0,3.25,Out of Stock,39.0,733.22,Budget,Good
Home & Garden,5946.0,3.05,Out of Stock,24.0,4518.96,Premium,Good
Home & Garden,6096.0,3.18,Out of Stock,14.0,5242.56,Premium,Good
Home & Garden,4962.0,3.13,Out of Stock,45.0,2729.1,Mid-Range,Good
Home & Garden,5138.0,1.58,Out of Stock,17.0,4264.54,Premium,Poor
Home & Garden,7403.0,4.4,In Stock,22.0,5774.34,Premium,Excellent
Home & Garden,9818.0,3.05,In Stock,7.0,9130.74,Luxury,Good
Home & Garden,3848.0,3.05,In Stock,24.0,2924.48,Mid-Range,Good
Home & Garden,9984.0,3.05,In Stock,0.0,9984.0,Luxury,Good
Home & Garden,632.0,2.24,In Stock,12.0,556.16,Budget,Average
Home & Garden,8098.0,3.05,Out of Stock,22.0,6316.44,Luxury,Good
Electronics,2408.0,2.9,In Stock,44.0,1348.48,Budget,Average
Clothing,5574.0,3.25,In Stock,21.0,4403.46,Premium,Good
Home & Garden,8547.0,1.91,Out of Stock,31.0,5897.43,Luxury,Poor
Home & Garden,2133.0,3.05,In Stock,24.0,1621.08,Budget,Good
Home & Garden,3044.0,3.05,Out of Stock,29.0,2161.24,Mid-Range,Good
Home & Garden,2501.0,2.65,Out of Stock,22.0,1950.78,Mid-Range,Average
Home & Garden,2523.0,3.05,In Stock,40.0,1513.8,Mid-Range,Good
Home & Garden,8454.0,2.13,In Stock,36.0,5410.56,Luxury,Average
Sports,4298.0,3.56,In Stock,40.0,2578.8,Mid-Range,Good
Home & Garden,2003.0,3.05,In Stock,3.0,1942.91,Budget,Good
Home & Garden,3757.0,3.05,In Stock,25.0,2817.75,Mid-Range,Good
Home & Garden,5397.0,3.05,In Stock,25.0,4047.75,Premium,Good
Home & Garden,5153.0,3.05,In Stock,9.0,4689.23,Premium,Good
Home & Garden,790.0,4.67,In Stock,24.0,600.4,Budget,Excellent
Home & Garden,3137.0,4.98,In Stock,39.0,1913.57,Mid-Range,Excellent
Home & Garden,7241.0,3.05,In Stock,46.0,3910.14,Premium,Good
Home & Garden,6029.0,3.05,In Stock,28.0,4340.88,Premium,Good
Home & Garden,540.0,1.15,In Stock,5.0,513.0,Budget,Poor
Home & Garden,628.0,3.3,In Stock,28.0,452.16,Budget,Good
Home & Garden,6620.0,1.88,In Stock,19.0,5362.2,Premium,Poor
Home & Garden,3258.0,3.05,Out of Stock,24.0,2476.08,Mid-Range,Good
Home & Garden,8648.0,1.17,Out of Stock,26.0,6399.52,Luxury,Poor
Home & Garden,787.0,3.13,Out of Stock,24.0,598.12,Budget,Good
Home & Garden,3734.0,3.58,Out of Stock,18.0,3061.88,Mid-Range,Good
Home & Garden,8483.0,4.6,Out of Stock,0.0,8483.0,Luxury,Excellent
Home & Garden,6472.0,3.2,Out of Stock,15.0,5501.2,Premium,Good
Clothing,4642.0,3.25,Out of Stock,26.0,3435.08,Mid-Range,Good
Clothing,8642.0,4.0,Out of Stock,48.0,4493.84,Luxury,Good
Sports,255.0,3.15,In Stock,33.0,170.85,Budget,Good
Home & Garden,9520.0,1.98,In Stock,44.0,5331.2,Luxury,Poor
Home & Garden,1127.0,2.87,In Stock,11.0,1003.03,Budget,Average
Home & Garden,3940.0,3.05,In Stock,10.0,3546.0,Mid-Range,Good
Home & Garden,829.0,3.05,In Stock,42.0,480.82,Budget,Good
Home & Garden,9349.0,3.65,Out of Stock,15.0,7946.65,Luxury,Good
Home & Garden,8679.0,4.71,In Stock,24.0,6596.04,Luxury,Excellent
Electronics,7766.0,3.03,In Stock,17.0,6445.78,Luxury,Good
Home & Garden,8394.0,3.05,Out of Stock,34.0,5540.04,Luxury,Good
Home & Garden,891.0,3.05,In Stock,31.0,614.79,Budget,Good
Home & Garden,5512.0,4.99,In Stock,29.0,3913.52,Premium,Excellent
Home & Garden,7485.0,4.39,In Stock,30.0,5239.5,Premium,Excellent
Home & Garden,5587.0,3.05,In Stock,44.0,3128.72,Premium,Good
Clothing,8643.0,1.73,Out of Stock,12.0,7605.84,Luxury,Poor
Home & Garden,9140.0,3.05,Out of Stock,44.0,5118.4,Luxury,Good
Home & Garden,157.0,3.05,Out of Stock,24.0,119.32,Budget,Good
Electronics,7902.0,3.03,Out of Stock,24.0,6005.52,Luxury,Good
Home & Garden,8698.0,4.31,In Stock,5.0,8263.1,Luxury,Excellent
Electronics,1316.0,3.08,Out of Stock,24.0,1000.16,Budget,Good
Clothing,186.0,1.45,In Stock,16.0,156.24,Budget,Poor
Home & Garden,5003.0,3.81,In Stock,30.0,3502.1,Premium,Good
Clothing,1328.0,1.19,In Stock,44.0,743.68,Budget,Poor
Home & Garden,8314.0,3.05,In Stock,11.0,7399.46,Luxury,Good
Electronics,4477.0,3.03,Out of Stock,12.0,3939.76,Mid-Range,Good
Home & Garden,8311.0,3.05,In Stock,28.0,5983.92,Luxury,Good
Home & Garden,6426.0,3.05,In Stock,18.0,5269.32,Premium,Good
Clothing,9362.0,1.31,In Stock,13.0,8144.94,Luxury,Poor
Home & Garden,1718.0,2.69,In Stock,7.0,1597.74,Budget,Average
Clothing,6379.0,3.25,In Stock,32.0,4337.72,Premium,Good
Home & Garden,6928.0,2.33,In Stock,24.0,5265.28,Premium,Average
Home & Garden,4404.0,1.49,Out of Stock,24.0,3347.04,Mid-Range,Poor
Electronics,8071.0,3.03,In Stock,12.0,7102.48,Luxury,Good
Home & Garden,523.0,3.79,Out of Stock,15.0,444.55,Budget,Good
Home & Garden,4064.0,3.13,Out of Stock,2.0,3982.72,Mid-Range,Good
Home & Garden,2867.0,3.05,In Stock,44.0,1605.52,Mid-Range,Good
Home & Garden,3604.0,3.05,In Stock,7.0,3351.72,Mid-Range,Good
Clothing,8525.0,4.44,In Stock,35.0,5541.25,Luxury,Excellent
Home & Garden,7305.0,3.05,In Stock,17.0,6063.15,Premium,Good
Home & Garden,8099.0,3.05,In Stock,10.0,7289.1,Luxury,Good
Home & Garden,4926.0,3.05,Out of Stock,42.0,2857.08,Mid-Range,Good
Sports,5031.0,3.24,In Stock,38.0,3119.22,Premium,Good
Home & Garden,7750.0,2.17,Out of Stock,36.0,4960.0,Luxury,Average
Home & Garden,3545.0,2.62,Out of Stock,24.0,2694.2,Mid-Range,Average
Home & Garden,4679.0,3.05,Out of Stock,7.0,4351.47,Mid-Range,Good
Sports,4053.0,3.24,In Stock,26.0,2999.22,Mid-Range,Good
Home & Garden,6566.0,3.05,Out of Stock,24.0,4990.16,Premium,Good
Home & Garden,667.0,3.05,In Stock,37.0,420.21,Budget,Good
Sports,6477.0,3.28,Out of Stock,26.0,4792.98,Premium,Good
Electronics,1022.0,4.99,In Stock,30.0,715.4,Budget,Excellent
Sports,4048.0,3.52,In Stock,10.0,3643.2,Mid-Range,Good
Home & Garden,2033.0,3.05,In Stock,26.0,1504.42,Budget,Good
Sports,5436.0,3.24,In Stock,25.0,4077.0,Premium,Good
Electronics,1914.0,3.03,In Stock,9.0,1741.74,Budget,Good
Home & Garden,1983.0,3.05,In Stock,24.0,1507.08,Budget,Good
Clothing,4862.0,3.25,Out of Stock,6.0,4570.28,Mid-Range,Good
Home & Garden,784.0,3.05,In Stock,42.0,454.72,Budget,Good
Home & Garden,7596.0,3.05,In Stock,4.0,7292.16,Luxury,Good
Clothing,8613.0,3.25,In Stock,18.0,7062.66,Luxury,Good
Electronics,1789.0,4.81,In Stock,38.0,1109.18,Budget,Excellent
Home & Garden,2410.0,3.02,Out of Stock,3.0,2337.7,Budget,Good
Electronics,7596.0,2.8,In Stock,10.0,6836.4,Luxury,Average
Home & Garden,5620.0,3.05,Out of Stock,38.0,3484.4,Premium,Good
Clothing,2564.0,1.07,Out of Stock,0.0,2564.0,Mid-Range,Poor
Home & Garden,8821.0,3.05,Out of Stock,17.0,7321.43,Luxury,Good
Home & Garden,1934.0,2.01,In Stock,8.0,1779.28,Budget,Average
Electronics,7615.0,3.34,In Stock,32.0,5178.2,Luxury,Good
Clothing,3614.0,2.79,In Stock,24.5,2728.57,Mid-Range,Average
Home & Garden,1151.0,3.05,Out of Stock,24.0,874.76,Budget,Good
Home & Garden,8806.0,3.08,In Stock,11.0,7837.34,Luxury,Good
Home & Garden,6325.0,3.48,Out of Stock,18.0,5186.5,Premium,Good
Home & Garden,9001.0,1.84,In Stock,5.0,8550.95,Luxury,Poor
Home & Garden,3384.0,3.05,Out of Stock,26.0,2504.16,Mid-Range,Good
Home & Garden,9011.0,3.05,In Stock,35.0,5857.15,Luxury,Good
Sports,3197.0,3.24,In Stock,22.0,2493.66,Mid-Range,Good
Electronics,212.0,3.03,Out of Stock,37.0,133.56,Budget,Good
Home & Garden,6599.0,3.05,In Stock,45.0,3629.45,Premium,Good
Home & Garden,1656.0,3.05,Out of Stock,47.0,877.68,Budget,Good
Clothing,4367.0,3.25,In Stock,35.0,2838.55,Mid-Range,Good
Home & Garden,4962.0,3.69,In Stock,46.0,2679.48,Mid-Range,Good
Sports,5031.0,4.01,Out of Stock,15.0,4276.35,Premium,Excellent
Home & Garden,4743.0,3.05,In Stock,19.0,3841.83,Mid-Range,Good
Home & Garden,3314.0,3.05,Out of Stock,41.0,1955.26,Mid-Range,Good
Home & Garden,7324.0,3.99,In Stock,2.0,7177.52,Premium,Good
Home & Garden,7630.0,3.05,In Stock,20.0,6104.0,Luxury,Good
Home & Garden,6558.0,3.05,In Stock,13.0,5705.46,Premium,Good
Home & Garden,6258.0,4.4,In Stock,16.0,5256.72,Premium,Excellent
Home & Garden,3114.0,3.05,In Stock,28.0,2242.08,Mid-Range,Good
Electronics,223.0,3.03,In Stock,23.0,171.71,Budget,Good
Home & Garden,7538.0,3.05,In Stock,7.0,7010.34,Luxury,Good
Home & Garden,5604.0,4.54,In Stock,2.0,5491.92,Premium,Excellent
Home & Garden,5423.0,4.18,Out of Stock,24.0,4121.48,Premium,Excellent
Home & Garden,4962.0,1.39,In Stock,1.0,4912.38,Mid-Range,Poor
Clothing,1666.0,4.5,In Stock,23.0,1282.82,Budget,Excellent
Home & Garden,4962.0,3.28,In Stock,41.0,2927.58,Mid-Range,Good
Sports,8133.0,2.95,In Stock,47.0,4310.49,Luxury,Average
Electronics,2173.0,1.48,In Stock,32.0,1477.64,Budget,Poor
Clothing,3343.0,3.25,In Stock,38.0,2072.66,Mid-Range,Good
Home & Garden,5738.0,3.05,Out of Stock,38.0,3557.56,Premium,Good
Home & Garden,2347.0,4.46,Out of Stock,28.0,1689.84,Budget,Excellent
Home & Garden,545.0,3.23,In Stock,24.0,414.2,Budget,Good
Home & Garden,5000.0,3.05,In Stock,34.0,3300.0,Mid-Range,Good
Home & Garden,9431.0,3.05,In Stock,44.0,5281.36,Luxury,Good
Home & Garden,2751.0,3.05,In Stock,15.0,2338.35,Mid-Range,Good
Home & Garden,4986.0,3.05,Out of Stock,34.0,3290.76,Mid-Range,Good
Home & Garden,8384.0,3.05,Out of Stock,24.0,6371.84,Luxury,Good
Home & Garden,7136.0,3.5,In Stock,22.0,5566.08,Premium,Good
Home & Garden,4377.0,3.05,In Stock,2.0,4289.46,Mid-Range,Good
Home & Garden,3579.0,3.83,In Stock,39.0,2183.19,Mid-Range,Good
Home & Garden,2268.0,3.05,In Stock,28.0,1632.96,Budget,Good
Electronics,9790.0,1.25,In Stock,31.0,6755.1,Luxury,Poor
Home & Garden,4791.0,3.05,In Stock,42.0,2778.78,Mid-Range,Good
Home & Garden,5484.0,3.05,Out of Stock,6.0,5154.96,Premium,Good
Home & Garden,2675.0,3.05,In Stock,46.0,1444.5,Mid-Range,Good
Home & Garden,9067.0,3.05,In Stock,2.0,8885.66,Luxury,Good
Home & Garden,9933.0,3.05,In Stock,36.0,6357.12,Luxury,Good
Home & Garden,9223.0,3.05,Out of Stock,43.0,5257.11,Luxury,Good
Home & Garden,238.0,3.05,Out of Stock,9.0,216.58,Budget,Good
Sports,5031.0,3.24,Out of Stock,15.0,4276.35,Premium,Good
Home & Garden,7192.0,3.39,In Stock,4.0,6904.32,Premium,Good
Electronics,4745.0,3.03,In Stock,37.0,2989.35,Mid-Range,Good
Electronics,3108.0,3.03,Out of Stock,26.0,2299.92,Mid-Range,Good
Home & Garden,1235.0,1.63,In Stock,19.0,1000.35,Budget,Poor
Home & Garden,9074.0,3.05,In Stock,39.0,5535.14,Luxury,Good
Home & Garden,759.0,1.05,In Stock,5.0,721.05,Budget,Poor
Home & Garden,6328.0,3.05,In Stock,20.0,5062.4,Premium,Good
Home & Garden,3071.0,3.05,In Stock,46.0,1658.34,Mid-Range,Good
Home & Garden,7957.0,1.18,In Stock,7.0,7400.01,Luxury,Poor
Home & Garden,6256.0,3.05,Out of Stock,24.0,4754.56,Premium,Good
Home & Garden,9058.0,3.05,In Stock,15.0,7699.3,Luxury,Good
Home & Garden,5053.0,1.74,In Stock,28.0,3638.16,Premium,Poor
Electronics,3153.0,4.48,In Stock,37.0,1986.39,Mid-Range,Excellent
Home & Garden,5735.0,3.05,In Stock,34.0,3785.1,Premium,Good
Clothing,8453.0,3.25,In Stock,15.0,7185.05,Luxury,Good
Home & Garden,7869.0,1.91,In Stock,40.0,4721.4,Luxury,Poor
Home & Garden,1014.0,3.05,Out of Stock,20.0,811.2,Budget,Good
Clothing,4660.0,3.25,In Stock,7.0,4333.8,Mid-Range,Good
Home & Garden,7231.0,1.42,In Stock,10.0,6507.9,Premium,Poor
Home & Garden,6575.0,2.45,In Stock,16.0,5523.0,Premium,Average
Home & Garden,1964.0,3.05,Out of Stock,25.0,1473.0,Budget,Good
Home & Garden,3611.0,3.05,In Stock,0.0,3611.0,Mid-Range,Good
Home & Garden,6139.0,3.71,Out of Stock,13.0,5340.93,Premium,Good
Electronics,1543.0,3.03,In Stock,23.0,1188.11,Budget,Good
Electronics,747.0,3.03,In Stock,1.0,739.53,Budget,Good
Home & Garden,7188.0,3.54,In Stock,22.0,5606.64,Premium,Good
Electronics,1812.0,2.55,In Stock,39.0,1105.32,Budget,Average
Home & Garden,6364.0,2.18,In Stock,15.0,5409.4,Premium,Average
Home & Garden,7588.0,2.27,In Stock,5.0,7208.6,Luxury,Average
Home & Garden,8615.0,1.22,Out of Stock,22.0,6719.7,Luxury,Poor
Home & Garden,1474.0,3.05,Out of Stock,24.0,1120.24,Budget,Good
Home & Garden,7165.0,3.05,In Stock,45.0,3940.75,Premium,Good
Home & Garden,6782.0,1.05,In Stock,25.0,5086.5,Premium,Poor
Electronics,9042.0,3.03,In Stock,22.0,7052.76,Luxury,Good
Home & Garden,6840.0,3.05,In Stock,24.0,5198.4,Premium,Good
Home & Garden,3519.0,3.05,Out of Stock,9.0,3202.29,Mid-Range,Good
Home & Garden,8320.0,3.67,Out of Stock,6.0,7820.8,Luxury,Good
Home & Garden,451.0,1.62,In Stock,32.0,306.68,Budget,Poor
Electronics,1521.0,1.96,In Stock,15.0,1292.85,Budget,Poor
Home & Garden,9768.0,3.05,In Stock,24.0,7423.68,Luxury,Good
Home & Garden,4352.0,3.05,In Stock,24.0,3307.52,Mid-Range,Good
Home & Garden,3375.0,3.05,Out of Stock,15.0,2868.75,Mid-Range,Good
Home & Garden,3207.0,3.05,In Stock,43.0,1827.99,Mid-Range,Good
Home & Garden,7742.0,2.59,In Stock,16.0,6503.28,Luxury,Average
Electronics,4745.0,3.03,In Stock,34.0,3131.7,Mid-Range,Good
Home & Garden,772.0,3.2,Out of Stock,13.0,671.64,Budget,Good
Home & Garden,6960.0,3.2,In Stock,39.0,4245.6,Premium,Good
Clothing,8440.0,4.23,In Stock,4.0,8102.4,Luxury,Excellent
Home & Garden,4500.0,3.05,Out of Stock,23.0,3465.0,Mid-Range,Good
Home & Garden,8596.0,3.05,In Stock,45.0,4727.8,Luxury,Good
Home & Garden,9590.0,3.05,In Stock,44.0,5370.4,Luxury,Good
Clothing,4397.0,4.1,In Stock,13.0,3825.39,Mid-Range,Excellent
Home & Garden,744.0,3.05,In Stock,26.0,550.56,Budget,Good
Home & Garden,4962.0,2.77,In Stock,12.0,4366.56,Mid-Range,Average
Home & Garden,6127.0,3.05,Out of Stock,8.0,5636.84,Premium,Good
Home & Garden,7908.0,3.05,In Stock,0.0,7908.0,Luxury,Good
Home & Garden,9301.0,1.39,Out of Stock,17.0,7719.83,Luxury,Poor
Home & Garden,2858.0,3.05,In Stock,29.0,2029.18,Mid-Range,Good
Sports,8571.0,4.15,In Stock,17.0,7113.93,Luxury,Excellent
Clothing,9699.0,2.0,In Stock,41.0,5722.41,Luxury,Poor
Home & Garden,480.0,3.05,Out of Stock,24.0,364.8,Budget,Good
Home & Garden,7949.0,3.05,In Stock,24.0,6041.24,Luxury,Good
Clothing,7923.0,3.25,In Stock,33.0,5308.41,Luxury,Good
Home & Garden,2898.0,3.05,In Stock,25.0,2173.5,Mid-Range,Good
Home & Garden,8240.0,2.53,Out of Stock,16.0,6921.6,Luxury,Average
Sports,2017.0,3.24,In Stock,5.0,1916.15,Budget,Good
Home & Garden,174.0,3.05,In Stock,28.0,125.28,Budget,Good
Home & Garden,9049.0,3.05,Out of Stock,28.0,6515.28,Luxury,Good
Home & Garden,3643.0,3.05,In Stock,16.0,3060.12,Mid-Range,Good
Sports,1192.0,1.77,In Stock,26.0,882.08,Budget,Poor
Home & Garden,4340.0,2.87,Out of Stock,0.0,4340.0,Mid-Range,Average
Home & Garden,271.0,1.39,In Stock,15.0,230.35,Budget,Poor
Home & Garden,5729.0,3.05,In Stock,33.0,3838.43,Premium,Good
Home & Garden,2497.0,2.72,Out of Stock,42.0,1448.26,Budget,Average
Home & Garden,5140.0,3.05,In Stock,24.0,3906.4,Premium,Good
Home & Garden,6060.0,3.05,In Stock,6.0,5696.4,Premium,Good
Home & Garden,2826.0,3.05,In Stock,35.0,1836.9,Mid-Range,Good
Sports,1365.0,3.24,In Stock,37.0,859.95,Budget,Good
Home & Garden,7243.0,3.74,Out of Stock,45.0,3983.65,Premium,Good
Home & Garden,892.0,3.05,Out of Stock,31.0,615.48,Budget,Good
Home & Garden,3284.0,3.05,In Stock,21.0,2594.36,Mid-Range,Good
Electronics,3668.0,2.88,In Stock,26.0,2714.32,Mid-Range,Average
Home & Garden,2572.0,3.05,Out of Stock,23.0,1980.44,Mid-Range,Good
Home & Garden,6836.0,3.05,In Stock,28.0,4921.92,Premium,Good
Electronics,986.0,2.1,In Stock,37.0,621.18,Budget,Average
Home & Garden,1753.0,3.05,Out of Stock,17.0,1454.99,Budget,Good
Home & Garden,5250.0,1.99,Out of Stock,17.0,4357.5,Premium,Poor
Home & Garden,2797.0,2.03,Out of Stock,27.0,2041.81,Mid-Range,Average
Home & Garden,2051.0,3.05,Out of Stock,45.0,1128.05,Budget,Good
Home & Garden,3481.0,3.05,In Stock,41.0,2053.79,Mid-Range,Good
Home & Garden,8327.0,3.05,In Stock,24.0,6328.52,Luxury,Good
Home & Garden,4099.0,3.05,Out of Stock,24.0,3115.24,Mid-Range,Good
Electronics,3190.0,4.96,In Stock,31.0,2201.1,Mid-Range,Excellent
Home & Garden,6307.0,3.56,Out of Stock,36.0,4036.48,Premium,Good
Home & Garden,6132.0,3.47,In Stock,35.0,3985.8,Premium,Good
Sports,248.0,3.24,In Stock,4.0,238.08,Budget,Good
Home & Garden,8589.0,2.86,In Stock,19.0,6957.09,Luxury,Average
Home & Garden,9728.0,3.05,In Stock,22.0,7587.84,Luxury,Good
Home & Garden,3403.0,3.05,In Stock,24.0,2586.28,Mid-Range,Good
Electronics,4039.0,3.03,In Stock,29.0,2867.69,Mid-Range,Good
Clothing,4119.0,3.25,In Stock,11.0,3665.91,Mid-Range,Good
Electronics,5009.0,3.03,In Stock,28.0,3606.48,Premium,Good
Home & Garden,6142.0,4.38,In Stock,2.0,6019.16,Premium,Excellent
Home & Garden,4628.0,2.97,Out of Stock,24.0,3517.28,Mid-Range,Average
Home & Garden,141.0,3.05,In Stock,15.0,119.85,Budget,Good
Home & Garden,4884.0,3.05,In Stock,25.0,3663.0,Mid-Range,Good
Home & Garden,5286.0,4.26,In Stock,45.0,2907.3,Premium,Excellent
Home & Garden,6906.0,3.05,Out of Stock,24.0,5248.56,Premium,Good
Home & Garden,517.0,1.27,In Stock,24.0,392.92,Budget,Poor
Home & Garden,9291.0,3.05,Out of Stock,19.0,7525.71,Luxury,Good
Home & Garden,9364.0,3.05,Out of Stock,24.0,7116.64,Luxury,Good
Home & Garden,2295.0,3.05,Out of Stock,12.0,2019.6,Budget,Good
Electronics,6229.0,4.09,In Stock,6.0,5855.26,Premium,Excellent
Home & Garden,9439.0,3.05,In Stock,24.0,7173.64,Luxury,Good
Clothing,8991.0,2.1,Out of Stock,2.0,8811.18,Luxury,Average
Home & Garden,8254.0,3.05,In Stock,39.0,5034.94,Luxury,Good
Home & Garden,5627.0,3.23,In Stock,46.0,3038.58,Premium,Good
Home & Garden,7289.0,3.05,In Stock,14.0,6268.54,Premium,Good
Electronics,943.0,3.03,Out of Stock,31.0,650.67,Budget,Good
Home & Garden,337.0,3.05,In Stock,46.0,181.98,Budget,Good
Clothing,4844.0,3.25,In Stock,43.0,2761.08,Mid-Range,Good
Home & Garden,458.0,2.96,Out of Stock,15.0,389.3,Budget,Average
Home & Garden,5050.0,3.05,In Stock,21.0,3989.5,Premium,Good
Sports,3182.0,3.64,Out of Stock,5.0,3022.9,Mid-Range,Good
Home & Garden,3761.0,4.85,Out of Stock,22.0,2933.58,Mid-Range,Excellent
Home & Garden,6986.0,3.05,In Stock,41.0,4121.74,Premium,Good
Clothing,5901.0,3.25,Out of Stock,28.0,4248.72,Premium,Good
Home & Garden,9799.0,3.05,In Stock,24.0,7447.24,Luxury,Good
Home & Garden,6673.0,4.97,In Stock,41.0,3937.07,Premium,Excellent
Home & Garden,360.0,4.53,In Stock,46.0,194.4,Budget,Excellent
Home & Garden,4279.0,2.06,In Stock,24.0,3252.04,Mid-Range,Average
Home & Garden,3034.0,3.05,In Stock,31.0,2093.46,Mid-Range,Good
Home & Garden,5983.0,3.05,In Stock,17.0,4965.89,Premium,Good
Sports,5065.0,3.24,Out of Stock,49.0,2583.15,Premium,Good
Home & Garden,6735.0,3.05,In Stock,27.0,4916.55,Premium,Good
Sports,9480.0,2.28,In Stock,26.0,7015.2,Luxury,Average
Home & Garden,1937.0,3.17,In Stock,45.0,1065.35,Budget,Good
Home & Garden,2048.0,2.93,Out of Stock,38.0,1269.76,Budget,Average
Home & Garden,3428.0,4.4,In Stock,46.0,1851.12,Mid-Range,Excellent
Home & Garden,4853.0,3.05,In Stock,40.0,2911.8,Mid-Range,Good
Clothing,5499.0,4.96,In Stock,14.0,4729.14,Premium,Excellent
Home & Garden,2548.0,1.16,In Stock,2.0,2497.04,Mid-Range,Poor
Home & Garden,9676.0,3.05,In Stock,13.0,8418.12,Luxury,Good
Home & Garden,3252.0,2.96,In Stock,35.0,2113.8,Mid-Range,Average
Clothing,4963.0,2.63,In Stock,35.0,3225.95,Mid-Range,Average
Home & Garden,9837.0,4.08,Out of Stock,15.0,8361.45,Luxury,Excellent
Home & Garden,7803.0,3.54,In Stock,0.0,7803.0,Luxury,Good
Home & Garden,2731.0,3.05,In Stock,39.0,1665.91,Mid-Range,Good
Sports,6260.0,3.24,In Stock,8.0,5759.2,Premium,Good
Home & Garden,5483.0,3.05,In Stock,24.0,4167.08,Premium,Good
Home & Garden,5473.0,3.98,In Stock,31.0,3776.37,Premium,Good
Home & Garden,8063.0,2.95,In Stock,44.0,4515.28,Luxury,Average
Home & Garden,2861.0,2.37,Out of Stock,6.0,2689.34,Mid-Range,Average
Home & Garden,6186.0,3.68,Out of Stock,46.0,3340.44,Premium,Good
Home & Garden,2040.0,3.39,In Stock,38.0,1264.8,Budget,Good
Home & Garden,3083.0,3.15,In Stock,20.0,2466.4,Mid-Range,Good
Home & Garden,9633.0,3.84,Out of Stock,41.0,5683.47,Luxury,Good
Home & Garden,1242.0,3.04,In Stock,14.0,1068.12,Budget,Good
Home & Garden,5215.0,3.05,In Stock,22.0,4067.7,Premium,Good
Home & Garden,4962.0,3.05,Out of Stock,1.0,4912.38,Mid-Range,Good
Home & Garden,4962.0,3.05,Out of Stock,15.0,4217.7,Mid-Range,Good
Home & Garden,8417.0,3.05,In Stock,9.0,7659.47,Luxury,Good
Home & Garden,2935.0,3.28,In Stock,24.0,2230.6,Mid-Range,Good
Home & Garden,3955.0,3.05,Out of Stock,40.0,2373.0,Mid-Range,Good
Home & Garden,6194.0,1.14,Out of Stock,35.0,4026.1,Premium,Poor
Electronics,3144.0,1.38,In Stock,23.0,2420.88,Mid-Range,Poor
Home & Garden,3255.0,1.87,In Stock,20.0,2604.0,Mid-Range,Poor
Home & Garden,6541.0,2.95,In Stock,45.0,3597.55,Premium,Average
Home & Garden,4247.0,1.15,Out of Stock,2.0,4162.06,Mid-Range,Poor
Home & Garden,9171.0,3.05,In Stock,31.0,6327.99,Luxury,Good
Sports,2565.0,2.62,In Stock,9.0,2334.15,Mid-Range,Average
Electronics,3673.0,3.03,In Stock,37.0,2313.99,Mid-Range,Good
Home & Garden,6148.0,3.05,In Stock,43.0,3504.36,Premium,Good
Sports,1140.0,1.46,In Stock,38.0,706.8,Budget,Poor
Electronics,1853.0,2.61,In Stock,9.0,1686.23,Budget,Average
Home & Garden,2066.0,3.05,In Stock,36.0,1322.24,Budget,Good
Home & Garden,2863.0,2.95,In Stock,40.0,1717.8,Mid-Range,Average
Sports,254.0,4.13,In Stock,26.0,187.96,Budget,Excellent
Home & Garden,9524.0,1.86,In Stock,4.0,9143.04,Luxury,Poor
Home & Garden,6996.0,3.05,Out of Stock,36.0,4477.44,Premium,Good
Home & Garden,8176.0,3.52,Out of Stock,45.0,4496.8,Luxury,Good
Home & Garden,1537.0,1.17,In Stock,22.0,1198.86,Budget,Poor
Sports,3771.0,3.24,In Stock,30.0,2639.7,Mid-Range,Good
Home & Garden,7965.0,3.05,Out of Stock,9.0,7248.15,Luxury,Good
Home & Garden,4424.0,4.99,In Stock,41.0,2610.16,Mid-Range,Excellent
Clothing,4743.0,3.25,Out of Stock,30.0,3320.1,Mid-Range,Good
Home & Garden,9729.0,1.74,In Stock,33.0,6518.43,Luxury,Poor
Home & Garden,2314.0,2.95,Out of Stock,34.0,1527.24,Budget,Average
Home & Garden,2753.0,4.98,In Stock,46.0,1486.62,Mid-Range,Excellent
Home & Garden,2085.0,3.05,In Stock,37.0,1313.55,Budget,Good
Home & Garden,587.0,3.05,In Stock,15.0,498.95,Budget,Good
Home & Garden,4962.0,3.05,Out of Stock,28.0,3572.64,Mid-Range,Good
Clothing,6444.0,3.25,In Stock,44.0,3608.64,Premium,Good
Home & Garden,1322.0,3.05,In Stock,41.0,779.98,Budget,Good
Sports,9833.0,3.24,Out of Stock,25.0,7374.75,Luxury,Good
Home & Garden,531.0,3.76,In Stock,5.0,504.45,Budget,Good
Home & Garden,2153.0,3.23,Out of Stock,45.0,1184.15,Budget,Good
Home & Garden,5119.0,1.77,Out of Stock,48.0,2661.88,Premium,Poor
Home & Garden,8627.0,1.61,Out of Stock,24.0,6556.52,Luxury,Poor
Home & Garden,297.0,3.05,Out of Stock,3.0,288.09,Budget,Good
Home & Garden,5426.0,3.05,Out of Stock,22.0,4232.28,Premium,Good
Home & Garden,273.0,1.42,In Stock,4.0,262.08,Budget,Poor
Home & Garden,3164.0,1.86,In Stock,24.0,2404.64,Mid-Range,Poor
Sports,3836.0,3.24,In Stock,31.0,2646.84,Mid-Range,Good
Home & Garden,907.0,3.05,In Stock,4.0,870.72,Budget,Good
Home & Garden,4962.0,3.05,Out of Stock,24.0,3771.12,Mid-Range,Good
Home & Garden,944.0,3.05,In Stock,44.0,528.64,Budget,Good
Home & Garden,6618.0,2.39,In Stock,24.0,5029.68,Premium,Average
Home & Garden,580.0,1.49,In Stock,38.0,359.6,Budget,Poor
Home & Garden,7422.0,1.39,In Stock,40.0,4453.2,Premium,Poor
Home & Garden,8748.0,1.53,In Stock,6.0,8223.12,Luxury,Poor
Home & Garden,2526.0,3.05,In Stock,19.0,2046.06,Mid-Range,Good
Home & Garden,2193.0,3.05,In Stock,8.0,2017.56,Budget,Good
Home & Garden,2141.0,1.44,In Stock,36.0,1370.24,Budget,Poor
Home & Garden,8942.0,4.36,Out of Stock,43.0,5096.94,Luxury,Excellent
Sports,3311.0,3.78,Out of Stock,42.0,1920.38,Mid-Range,Good
Home & Garden,3601.0,3.05,Out of Stock,10.0,3240.9,Mid-Range,Good
Home & Garden,2908.0,3.05,Out of Stock,43.0,1657.56,Mid-Range,Good
Clothing,9772.0,4.39,In Stock,1.0,9674.28,Luxury,Excellent
Home & Garden,4953.0,2.56,Out of Stock,13.0,4309.11,Mid-Range,Average
Home & Garden,3596.0,3.05,In Stock,30.0,2517.2,Mid-Range,Good
Home & Garden,5570.0,1.21,In Stock,24.0,4233.2,Premium,Poor
Electronics,572.0,3.03,Out of Stock,26.0,423.28,Budget,Good
Home & Garden,413.0,3.88,Out of Stock,24.0,313.88,Budget,Good
Home & Garden,9448.0,3.05,In Stock,31.0,6519.12,Luxury,Good
Home & Garden,1476.0,3.28,In Stock,32.0,1003.68,Budget,Good
Sports,6094.0,3.24,In Stock,20.0,4875.2,Premium,Good
Home & Garden,1360.0,3.05,In Stock,36.0,870.4,Budget,Good
Home & Garden,4651.0,3.05,In Stock,29.0,3302.21,Mid-Range,Good
Home & Garden,2630.0,3.05,In Stock,29.0,1867.3,Mid-Range,Good
Home & Garden,2708.0,1.59,In Stock,40.0,1624.8,Mid-Range,Poor
Home & Garden,6768.0,3.05,In Stock,34.0,4466.88,Premium,Good
Sports,1072.0,3.24,Out of Stock,20.0,857.6,Budget,Good
Electronics,5966.0,3.03,In Stock,15.0,5071.1,Premium,Good
Home & Garden,1357.0,1.58,Out of Stock,47.0,719.21,Budget,Poor
Clothing,4688.0,1.01,Out of Stock,39.0,2859.68,Mid-Range,Poor
Home & Garden,5135.0,1.4,Out of Stock,43.0,2926.95,Premium,Poor
Clothing,5835.0,3.25,In Stock,20.0,4668.0,Premium,Good
Home & Garden,2489.0,3.05,In Stock,43.0,1418.73,Budget,Good
Home & Garden,2831.0,4.02,In Stock,30.0,1981.7,Mid-Range,Excellent
Electronics,6309.0,3.03,In Stock,34.0,4163.94,Premium,Good
Home & Garden,868.0,4.45,In Stock,5.0,824.6,Budget,Excellent
Home & Garden,2951.0,3.05,Out of Stock,37.0,1859.13,Mid-Range,Good
Home & Garden,7595.0,3.05,In Stock,27.0,5544.35,Luxury,Good
Home & Garden,4775.0,1.97,In Stock,14.0,4106.5,Mid-Range,Poor
Home & Garden,3462.0,3.05,Out of Stock,8.0,3185.04,Mid-Range,Good
Home & Garden,5131.0,4.24,In Stock,40.0,3078.6,Premium,Excellent
Home & Garden,5159.0,3.05,In Stock,30.0,3611.3,Premium,Good
Home & Garden,978.0,3.05,Out of Stock,7.0,909.54,Budget,Good
Clothing,6750.0,2.24,In Stock,21.0,5332.5,Premium,Average
Home & Garden,1035.0,4.1,Out of Stock,7.0,962.55,Budget,Excellent
Home & Garden,9682.0,4.49,In Stock,36.0,6196.48,Luxury,Excellent
Clothing,9919.0,2.92,In Stock,4.0,9522.24,Luxury,Average
Home & Garden,5085.0,3.05,Out of Stock,7.0,4729.05,Premium,Good
Electronics,1448.0,1.58,In Stock,28.0,1042.56,Budget,Poor
Home & Garden,6307.0,4.95,Out of Stock,24.0,4793.32,Premium,Excellent
Home & Garden,6101.0,4.21,In Stock,0.0,6101.0,Premium,Excellent
Sports,6054.0,3.24,Out of Stock,36.0,3874.56,Premium,Good
Home & Garden,2410.0,3.12,In Stock,24.0,1831.6,Budget,Good
Home & Garden,2579.0,3.05,Out of Stock,34.0,1702.14,Mid-Range,Good
Sports,5841.0,4.24,Out of Stock,19.0,4731.21,Premium,Excellent
Home & Garden,7321.0,4.76,Out of Stock,24.0,5563.96,Premium,Excellent
Home & Garden,1434.0,3.05,In Stock,46.0,774.36,Budget,Good
Home & Garden,4962.0,4.4,In Stock,21.0,3919.98,Mid-Range,Excellent
Home & Garden,1680.0,3.05,In Stock,46.0,907.2,Budget,Good
Clothing,1076.0,3.47,Out of Stock,12.0,946.88,Budget,Good
Home & Garden,8772.0,3.05,Out of Stock,6.0,8245.68,Luxury,Good
Home & Garden,6797.0,4.3,In Stock,32.0,4621.96,Premium,Excellent
Home & Garden,9848.0,4.57,Out of Stock,13.0,8567.76,Luxury,Excellent
Home & Garden,4384.0,4.3,In Stock,5.0,4164.8,Mid-Range,Excellent
Home & Garden,8403.0,4.42,In Stock,30.0,5882.1,Luxury,Excellent
Home & Garden,8281.0,3.05,In Stock,15.0,7038.85,Luxury,Good
Home & Garden,8486.0,3.05,In Stock,34.0,5600.76,Luxury,Good
Home & Garden,7882.0,3.5,In Stock,22.0,6147.96,Luxury,Good
Home & Garden,9644.0,3.05,Out of Stock,7.0,8968.92,Luxury,Good
Electronics,2934.0,3.03,Out of Stock,25.0,2200.5,Mid-Range,Good
Sports,8941.0,3.24,In Stock,26.0,6616.34,Luxury,Good
Sports,7260.0,3.24,Out of Stock,21.0,5735.4,Premium,Good
Home & Garden,2987.0,2.2,In Stock,31.0,2061.03,Mid-Range,Average
Sports,9653.0,3.24,Out of Stock,26.0,7143.22,Luxury,Good
Electronics,5196.0,3.82,In Stock,26.0,3845.04,Premium,Good
Home & Garden,5015.0,4.51,Out of Stock,13.0,4363.05,Premium,Excellent
Home & Garden,716.0,3.05,In Stock,33.0,479.72,Budget,Good
Home & Garden,4962.0,3.71,In Stock,41.0,2927.58,Mid-Range,Good
Home & Garden,6966.0,1.24,In Stock,24.0,5294.16,Premium,Poor
Home & Garden,4024.0,3.05,In Stock,35.0,2615.6,Mid-Range,Good
Home & Garden,7878.0,3.32,In Stock,3.0,7641.66,Luxury,Good
Electronics,4745.0,2.8,In Stock,6.0,4460.3,Mid-Range,Average
Home & Garden,7987.0,3.05,In Stock,39.0,4872.07,Luxury,Good
Home & Garden,6208.0,4.06,In Stock,44.0,3476.48,Premium,Excellent
Home & Garden,7770.0,3.05,In Stock,44.0,4351.2,Luxury,Good
Home & Garden,7321.0,3.45,In Stock,24.0,5563.96,Premium,Good
Clothing,9394.0,1.94,In Stock,47.0,4978.82,Luxury,Poor
Home & Garden,1406.0,3.22,Out of Stock,13.0,1223.22,Budget,Good
Home & Garden,1871.0,3.05,Out of Stock,29.0,1328.41,Budget,Good
Home & Garden,1348.0,3.05,In Stock,18.0,1105.36,Budget,Good
Home & Garden,8474.0,3.99,Out of Stock,35.0,5508.1,Luxury,Good
Home & Garden,1102.0,4.66,Out of Stock,29.0,782.42,Budget,Excellent
Home & Garden,6105.0,3.05,Out of Stock,35.0,3968.25,Premium,Good
Home & Garden,5797.0,1.11,In Stock,35.0,3768.05,Premium,Poor
Home & Garden,8774.0,1.77,In Stock,19.0,7106.94,Luxury,Poor
Home & Garden,8547.0,3.05,Out of Stock,47.0,4529.91,Luxury,Good
Home & Garden,816.0,3.81,Out of Stock,2.0,799.68,Budget,Good
Clothing,7656.0,2.78,In Stock,20.0,6124.8,Luxury,Average
Home & Garden,6616.0,3.05,In Stock,7.0,6152.88,Premium,Good
Electronics,1499.0,3.03,Out of Stock,38.0,929.38,Budget,Good
Clothing,5995.0,3.09,In Stock,18.0,4915.9,Premium,Good
Home & Garden,3007.0,3.05,In Stock,7.0,2796.51,Mid-Range,Good
Home & Garden,311.0,3.05,In Stock,18.0,255.02,Budget,Good
Home & Garden,3112.0,3.05,Out of Stock,15.0,2645.2,Mid-Range,Good
Clothing,8240.0,3.65,In Stock,48.0,4284.8,Luxury,Good
Home & Garden,4606.0,3.05,In Stock,7.0,4283.58,Mid-Range,Good
Clothing,3368.0,1.69,In Stock,7.0,3132.24,Mid-Range,Poor
Clothing,9265.0,3.25,In Stock,24.0,7041.4,Luxury,Good
Clothing,6898.0,3.25,In Stock,24.5,5207.99,Premium,Good
Sports,390.0,2.53,In Stock,6.0,366.6,Budget,Average
Electronics,3669.0,3.03,Out of Stock,17.0,3045.27,Mid-Range,Good
Clothing,9746.0,3.25,Out of Stock,14.0,8381.56,Luxury,Good
Home & Garden,9408.0,3.05,In Stock,31.0,6491.52,Luxury,Good
Home & Garden,8843.0,3.05,In Stock,2.0,8666.14,Luxury,Good
Home & Garden,4296.0,3.05,In Stock,33.0,2878.32,Mid-Range,Good
Home & Garden,4085.0,1.55,In Stock,33.0,2736.95,Mid-Range,Poor
Home & Garden,5972.0,3.1,In Stock,24.0,4538.72,Premium,Good
Home & Garden,5512.0,3.05,Out of Stock,26.0,4078.88,Premium,Good
Home & Garden,3305.0,3.93,In Stock,5.0,3139.75,Mid-Range,Good
Home & Garden,7738.0,3.27,In Stock,27.0,5648.74,Luxury,Good
Home & Garden,5578.0,4.85,In Stock,36.0,3569.92,Premium,Excellent
Home & Garden,229.0,3.05,In Stock,3.0,222.13,Budget,Good
Home & Garden,4443.0,3.16,In Stock,48.0,2310.36,Mid-Range,Good
Home & Garden,9317.0,2.54,In Stock,17.0,7733.11,Luxury,Average
Home & Garden,7683.0,3.47,In Stock,45.0,4225.65,Luxury,Good
Home & Garden,857.0,3.05,Out of Stock,5.0,814.15,Budget,Good
Clothing,702.0,2.24,In Stock,45.0,386.1,Budget,Average
Electronics,5370.0,3.03,In Stock,1.0,5316.3,Premium,Good
Clothing,5499.0,4.12,Out of Stock,48.0,2859.48,Premium,Excellent
Sports,8711.0,4.23,In Stock,1.0,8623.89,Luxury,Excellent
Home & Garden,8405.0,4.63,In Stock,18.0,6892.1,Luxury,Excellent
Home & Garden,399.0,3.05,In Stock,18.0,327.18,Budget,Good
Home & Garden,3241.0,3.05,In Stock,47.0,1717.73,Mid-Range,Good
Home & Garden,273.0,3.05,In Stock,5.0,259.35,Budget,Good
Clothing,4364.0,3.49,Out of Stock,35.0,2836.6,Mid-Range,Good
Home & Garden,6554.0,4.9,Out of Stock,39.0,3997.94,Premium,Excellent
Home & Garden,9571.0,3.05,In Stock,3.0,9283.87,Luxury,Good
Home & Garden,772.0,3.05,Out of Stock,43.0,440.04,Budget,Good
Home & Garden,4962.0,3.05,In Stock,1.0,4912.38,Mid-Range,Good
Home & Garden,9685.0,2.09,In Stock,41.0,5714.15,Luxury,Average
Home & Garden,9471.0,3.05,In Stock,37.0,5966.73,Luxury,Good
Home & Garden,8513.0,1.63,In Stock,3.0,8257.61,Luxury,Poor
Home & Garden,8767.0,3.05,Out of Stock,38.0,5435.54,Luxury,Good
Electronics,4625.0,3.67,In Stock,26.0,3422.5,Mid-Range,Good
Home & Garden,3883.0,3.93,In Stock,33.0,2601.61,Mid-Range,Good
Electronics,5281.0,2.14,In Stock,41.0,3115.79,Premium,Average
Home & Garden,1265.0,4.46,In Stock,7.0,1176.45,Budget,Excellent
Electronics,5164.0,3.03,In Stock,38.0,3201.68,Premium,Good
Home & Garden,1780.0,2.2,In Stock,36.0,1139.2,Budget,Average
Home & Garden,3022.0,4.2,Out of Stock,16.0,2538.48,Mid-Range,Excellent
Clothing,5880.0,3.25,In Stock,43.0,3351.6,Premium,Good
Home & Garden,3101.0,3.05,In Stock,35.0,2015.65,Mid-Range,Good
Home & Garden,2993.0,3.05,In Stock,8.0,2753.56,Mid-Range,Good
Home & Garden,7642.0,3.05,In Stock,45.0,4203.1,Luxury,Good
Home & Garden,7620.0,2.76,In Stock,23.0,5867.4,Luxury,Average
Home & Garden,8010.0,3.05,Out of Stock,26.0,5927.4,Luxury,Good
Home & Garden,8493.0,3.05,In Stock,14.0,7303.98,Luxury,Good
Home & Garden,8977.0,4.55,In Stock,49.0,4578.27,Luxury,Excellent
Home & Garden,5680.0,1.42,In Stock,39.0,3464.8,Premium,Poor
Sports,9536.0,3.24,In Stock,33.0,6389.12,Luxury,Good
Sports,7810.0,1.48,In Stock,38.0,4842.2,Luxury,Poor
Sports,6108.0,2.47,In Stock,10.0,5497.2,Premium,Average
Home & Garden,9624.0,3.05,In Stock,25.0,7218.0,Luxury,Good
Clothing,2162.0,3.25,In Stock,38.0,1340.44,Budget,Good
Home & Garden,263.0,4.65,Out of Stock,24.0,199.88,Budget,Excellent
Home & Garden,7003.0,1.93,In Stock,19.0,5672.43,Premium,Poor
Home & Garden,5601.0,3.05,In Stock,32.0,3808.68,Premium,Good
Electronics,2558.0,3.03,Out of Stock,33.0,1713.86,Mid-Range,Good
Home & Garden,3826.0,3.82,In Stock,43.0,2180.82,Mid-Range,Good
Home & Garden,4048.0,3.05,Out of Stock,29.0,2874.08,Mid-Range,Good
Home & Garden,3898.0,1.03,Out of Stock,18.0,3196.36,Mid-Range,Poor
Sports,645.0,2.45,In Stock,42.0,374.1,Budget,Average
Home & Garden,3556.0,3.05,In Stock,30.0,2489.2,Mid-Range,Good
Home & Garden,4059.0,3.05,Out of Stock,36.0,2597.76,Mid-Range,Good
Home & Garden,8326.0,1.34,In Stock,24.0,6327.76,Luxury,Poor
Sports,1183.0,2.75,Out of Stock,43.0,674.31,Budget,Average
Home & Garden,5963.0,3.05,In Stock,18.0,4889.66,Premium,Good
Clothing,5973.0,2.75,In Stock,42.0,3464.34,Premium,Average
Home & Garden,9025.0,3.05,In Stock,27.0,6588.25,Luxury,Good
Sports,4690.0,2.06,In Stock,13.0,4080.3,Mid-Range,Average
Home & Garden,4962.0,3.05,In Stock,24.0,3771.12,Mid-Range,Good
Sports,2494.0,3.62,Out of Stock,26.0,1845.56,Budget,Good
Home & Garden,8641.0,2.65,In Stock,41.0,5098.19,Luxury,Average
Home & Garden,3836.0,3.05,In Stock,33.0,2570.12,Mid-Range,Good
Home & Garden,303.0,3.05,In Stock,22.0,236.34,Budget,Good
Home & Garden,628.0,3.05,Out of Stock,24.0,477.28,Budget,Good
Home & Garden,2006.0,4.96,In Stock,9.0,1825.46,Budget,Excellent
Clothing,5235.0,1.82,Out of Stock,11.0,4659.15,Premium,Poor
Home & Garden,5352.0,3.93,In Stock,9.0,4870.32,Premium,Good
Home & Garden,4269.0,3.05,In Stock,26.0,3159.06,Mid-Range,Good
Electronics,5315.0,2.16,In Stock,49.0,2710.65,Premium,Average
Home & Garden,4300.0,3.05,Out of Stock,23.0,3311.0,Mid-Range,Good
Home & Garden,4962.0,4.56,In Stock,27.0,3622.26,Mid-Range,Excellent
Electronics,4823.0,3.03,In Stock,35.0,3134.95,Mid-Range,Good
Home & Garden,7285.0,3.05,In Stock,9.0,6629.35,Premium,Good
Electronics,2090.0,3.03,Out of Stock,4.0,2006.4,Budget,Good
Home & Garden,7018.0,3.05,In Stock,20.0,5614.4,Premium,Good
Clothing,9607.0,4.79,In Stock,10.0,8646.3,Luxury,Excellent
Clothing,3178.0,4.17,In Stock,20.0,2542.4,Mid-Range,Excellent
Clothing,1378.0,4.81,In Stock,42.0,799.24,Budget,Excellent
Sports,2469.0,3.24,In Stock,47.0,1308.57,Budget,Good
Electronics,2053.0,3.32,In Stock,26.0,1519.22,Budget,Good
Home & Garden,9449.0,3.05,In Stock,12.0,8315.12,Luxury,Good
Clothing,7574.0,4.6,Out of Stock,28.0,5453.28,Luxury,Excellent
Clothing,2629.0,3.25,In Stock,28.0,1892.88,Mid-Range,Good
Home & Garden,9443.0,4.43,In Stock,16.0,7932.12,Luxury,Excellent
Home & Garden,9149.0,3.05,Out of Stock,30.0,6404.3,Luxury,Good
Sports,5031.0,3.24,In Stock,0.0,5031.0,Premium,Good
Home & Garden,8110.0,3.05,Out of Stock,12.0,7136.8,Luxury,Good
Home & Garden,5001.0,3.11,Out of Stock,6.0,4700.94,Premium,Good
Home & Garden,4945.0,3.1,In Stock,27.0,3609.85,Mid-Range,Good
Electronics,5065.0,3.03,Out of Stock,26.0,3748.1,Premium,Good
Clothing,1425.0,3.75,In Stock,40.0,855.0,Budget,Good
Electronics,8714.0,4.05,In Stock,26.0,6448.36,Luxury,Excellent
Home & Garden,9964.0,3.05,In Stock,36.0,6376.96,Luxury,Good
Electronics,7245.0,3.93,In Stock,14.0,6230.7,Premium,Good
Home & Garden,1493.0,3.9,Out of Stock,18.0,1224.26,Budget,Good
Sports,5681.0,4.73,Out of Stock,39.0,3465.41,Premium,Excellent
Home & Garden,698.0,3.05,Out of Stock,8.0,642.16,Budget,Good
Home & Garden,8109.0,3.05,In Stock,40.0,4865.4,Luxury,Good
Home & Garden,1475.0,3.05,Out of Stock,3.0,1430.75,Budget,Good
Home & Garden,103.0,3.05,In Stock,16.0,86.52,Budget,Good
Home & Garden,5350.0,4.41,Out of Stock,27.0,3905.5,Premium,Excellent
Home & Garden,4344.0,4.16,In Stock,12.0,3822.72,Mid-Range,Excellent
Clothing,6216.0,3.89,Out of Stock,10.0,5594.4,Premium,Good
Clothing,7410.0,3.25,Out of Stock,11.0,6594.9,Premium,Good
Home & Garden,908.0,3.05,In Stock,12.0,799.04,Budget,Good
Home & Garden,5949.0,3.05,In Stock,32.0,4045.32,Premium,Good
Home & Garden,4348.0,4.83,In Stock,37.0,2739.24,Mid-Range,Excellent
Home & Garden,2425.0,1.28,In Stock,34.0,1600.5,Budget,Poor
Sports,6698.0,3.24,In Stock,26.0,4956.52,Premium,Good
Home & Garden,1951.0,1.28,Out of Stock,38.0,1209.62,Budget,Poor
Home & Garden,8300.0,1.35,In Stock,29.0,5893.0,Luxury,Poor
Home & Garden,3888.0,3.04,In Stock,20.0,3110.4,Mid-Range,Good
Home & Garden,4005.0,2.03,Out of Stock,40.0,2403.0,Mid-Range,Average
Electronics,9854.0,2.69,Out of Stock,3.0,9558.38,Luxury,Average
Home & Garden,1064.0,3.05,In Stock,14.0,915.04,Budget,Good
Clothing,8598.0,4.07,Out of Stock,29.0,6104.58,Luxury,Excellent
Home & Garden,6216.0,3.05,In Stock,14.0,5345.76,Premium,Good
Home & Garden,4776.0,3.88,In Stock,36.0,3056.64,Mid-Range,Good
Home & Garden,1856.0,1.84,Out of Stock,31.0,1280.64,Budget,Poor
Sports,3555.0,1.23,In Stock,26.0,2630.7,Mid-Range,Poor
Home & Garden,2607.0,3.05,In Stock,21.0,2059.53,Mid-Range,Good
Home & Garden,7122.0,3.05,In Stock,1.0,7050.78,Premium,Good
Home & Garden,6550.0,1.45,Out of Stock,23.0,5043.5,Premium,Poor
Home & Garden,1366.0,4.71,In Stock,38.0,846.92,Budget,Excellent
Home & Garden,7081.0,3.05,In Stock,24.0,5381.56,Premium,Good
Home & Garden,577.0,3.05,In Stock,20.0,461.6,Budget,Good
Home & Garden,8936.0,1.93,In Stock,13.0,7774.32,Luxury,Poor
Home & Garden,823.0,1.09,In Stock,44.0,460.88,Budget,Poor
Home & Garden,3458.0,3.05,In Stock,6.0,3250.52,Mid-Range,Good
Electronics,9852.0,2.02,Out of Stock,26.0,7290.48,Luxury,Average
Home & Garden,8394.0,3.05,Out of Stock,12.0,7386.72,Luxury,Good
Clothing,5579.0,3.25,Out of Stock,24.5,4212.15,Premium,Good
Home & Garden,6696.0,3.05,In Stock,0.0,6696.0,Premium,Good
Home & Garden,9038.0,3.79,Out of Stock,49.0,4609.38,Luxury,Good
Clothing,5575.0,3.83,In Stock,28.0,4014.0,Premium,Good
Home & Garden,2934.0,3.05,In Stock,28.0,2112.48,Mid-Range,Good
Home & Garden,4907.0,3.05,Out of Stock,24.0,3729.32,Mid-Range,Good
Home & Garden,2359.0,1.23,Out of Stock,24.0,1792.84,Budget,Poor
Clothing,3064.0,2.97,In Stock,13.0,2665.68,Mid-Range,Average
Home & Garden,9689.0,3.9,In Stock,47.0,5135.17,Luxury,Good
Home & Garden,3017.0,3.4,In Stock,47.0,1599.01,Mid-Range,Good
Home & Garden,1186.0,3.21,Out of Stock,38.0,735.32,Budget,Good
Home & Garden,4962.0,2.05,Out of Stock,8.0,4565.04,Mid-Range,Average
Home & Garden,597.0,3.79,In Stock,47.0,316.41,Budget,Good
Home & Garden,9172.0,3.05,In Stock,24.0,6970.72,Luxury,Good
Electronics,5842.0,3.03,Out of Stock,40.0,3505.2,Premium,Good
Home & Garden,9693.0,2.76,In Stock,47.0,5137.29,Luxury,Average
Home & Garden,2780.0,3.05,In Stock,24.0,2112.8,Mid-Range,Good
Home & Garden,1160.0,4.23,In Stock,25.0,870.0,Budget,Excellent
Home & Garden,4962.0,3.13,In Stock,24.0,3771.12,Mid-Range,Good
Home & Garden,2373.0,3.05,Out of Stock,10.0,2135.7,Budget,Good
Clothing,8478.0,3.25,In Stock,38.0,5256.36,Luxury,Good
Home & Garden,2885.0,3.29,In Stock,4.0,2769.6,Mid-Range,Good
Home & Garden,1871.0,2.7,Out of Stock,27.0,1365.83,Budget,Average
Sports,9802.0,3.24,In Stock,36.0,6273.28,Luxury,Good
Home & Garden,9101.0,3.05,Out of Stock,1.0,9009.99,Luxury,Good
Home & Garden,8077.0,3.11,Out of Stock,20.0,6461.6,Luxury,Good
Home & Garden,878.0,3.05,In Stock,10.0,790.2,Budget,Good
Home & Garden,4470.0,3.05,In Stock,49.0,2279.7,Mid-Range,Good
Home & Garden,9895.0,3.59,In Stock,5.0,9400.25,Luxury,Good
Home & Garden,1400.0,4.13,In Stock,24.0,1064.0,Budget,Excellent
Electronics,244.0,2.26,In Stock,4.0,234.24,Budget,Average
Home & Garden,7247.0,3.05,Out of Stock,16.0,6087.48,Premium,Good
Home & Garden,860.0,4.76,In Stock,18.0,705.2,Budget,Excellent
Home & Garden,9078.0,3.2,In Stock,30.0,6354.6,Luxury,Good
Electronics,9997.0,3.03,In Stock,27.0,7297.81,Luxury,Good
Home & Garden,9958.0,4.16,In Stock,1.0,9858.42,Luxury,Excellent
Home & Garden,3894.0,3.05,In Stock,15.0,3309.9,Mid-Range,Good
Sports,5901.0,3.33,In Stock,31.0,4071.69,Premium,Good
Home & Garden,1746.0,3.05,In Stock,34.0,1152.36,Budget,Good
Home & Garden,7019.0,2.3,In Stock,41.0,4141.21,Premium,Average
Home & Garden,4316.0,3.05,Out of Stock,11.0,3841.24,Mid-Range,Good
Clothing,3019.0,3.43,In Stock,44.0,1690.64,Mid-Range,Good
Home & Garden,1898.0,1.06,Out of Stock,0.0,1898.0,Budget,Poor
Sports,4042.0,2.93,Out of Stock,35.0,2627.3,Mid-Range,Average
Clothing,5499.0,1.38,In Stock,35.0,3574.35,Premium,Poor
Home & Garden,3807.0,2.79,Out of Stock,15.0,3235.95,Mid-Range,Average
Home & Garden,1871.0,3.36,In Stock,43.0,1066.47,Budget,Good
Sports,5843.0,3.24,Out of Stock,24.0,4440.68,Premium,Good
Home & Garden,2462.0,2.14,Out of Stock,24.0,1871.12,Budget,Average
Home & Garden,5671.0,3.05,Out of Stock,35.0,3686.15,Premium,Good
Home & Garden,2163.0,3.05,In Stock,2.0,2119.74,Budget,Good
Clothing,141.0,2.04,In Stock,15.0,119.85,Budget,Average
Home & Garden,5263.0,3.05,In Stock,10.0,4736.7,Premium,Good
Home & Garden,3097.0,3.05,Out of Stock,28.0,2229.84,Mid-Range,Good
Home & Garden,6903.0,3.05,Out of Stock,12.0,6074.64,Premium,Good
Home & Garden,8516.0,3.54,In Stock,11.0,7579.24,Luxury,Good
Home & Garden,4207.0,1.32,Out of Stock,3.0,4080.79,Mid-Range,Poor
Home & Garden,9598.0,3.7,In Stock,7.0,8926.14,Luxury,Good
Home & Garden,9792.0,1.74,Out of Stock,26.0,7246.08,Luxury,Poor
Home & Garden,2463.0,2.95,In Stock,45.0,1354.65,Budget,Average
Clothing,6103.0,1.62,Out of Stock,45.0,3356.65,Premium,Poor
Home & Garden,4967.0,2.47,In Stock,41.0,2930.53,Mid-Range,Average
Home & Garden,8872.0,2.33,In Stock,13.0,7718.64,Luxury,Average
Home & Garden,9765.0,3.05,In Stock,19.0,7909.65,Luxury,Good
Home & Garden,9650.0,3.05,In Stock,24.0,7334.0,Luxury,Good
Home & Garden,1493.0,3.05,Out of Stock,36.0,955.52,Budget,Good
Home & Garden,1462.0,3.05,In Stock,0.0,1462.0,Budget,Good
Home & Garden,2642.0,3.05,In Stock,23.0,2034.34,Mid-Range,Good
Home & Garden,7573.0,4.49,Out of Stock,22.0,5906.94,Luxury,Excellent
Home & Garden,3785.0,1.38,In Stock,2.0,3709.3,Mid-Range,Poor
Home & Garden,7431.0,2.22,Out of Stock,10.0,6687.9,Premium,Average
Electronics,3885.0,3.03,In Stock,1.0,3846.15,Mid-Range,Good
Home & Garden,4962.0,3.05,Out of Stock,4.0,4763.52,Mid-Range,Good
Home & Garden,2054.0,4.02,In Stock,2.0,2012.92,Budget,Excellent
Home & Garden,2294.0,3.05,In Stock,1.0,2271.06,Budget,Good
Home & Garden,5652.0,3.05,Out of Stock,4.0,5425.92,Premium,Good
Home & Garden,4468.0,3.05,In Stock,40.0,2680.8,Mid-Range,Good
Electronics,4861.0,2.39,In Stock,14.0,4180.46,Mid-Range,Average
Home & Garden,8509.0,3.05,In Stock,32.0,5786.12,Luxury,Good
Home & Garden,4962.0,1.61,In Stock,14.0,4267.32,Mid-Range,Poor
Home & Garden,213.0,1.31,In Stock,30.0,149.1,Budget,Poor
Sports,6302.0,3.24,Out of Stock,40.0,3781.2,Premium,Good
Home & Garden,4599.0,2.71,In Stock,16.0,3863.16,Mid-Range,Average
Home & Garden,1054.0,3.05,In Stock,17.0,874.82,Budget,Good
Clothing,6431.0,3.25,In Stock,4.0,6173.76,Premium,Good
Home & Garden,6437.0,2.02,In Stock,33.0,4312.79,Premium,Average
Home & Garden,8137.0,3.05,Out of Stock,1.0,8055.63,Luxury,Good
Home & Garden,2935.0,3.05,In Stock,10.0,2641.5,Mid-Range,Good
Home & Garden,5273.0,2.41,In Stock,10.0,4745.7,Premium,Average
Home & Garden,4077.0,3.05,Out of Stock,16.0,3424.68,Mid-Range,Good
Home & Garden,3385.0,3.05,In Stock,31.0,2335.65,Mid-Range,Good
Home & Garden,6143.0,3.05,In Stock,11.0,5467.27,Premium,Good
Home & Garden,4185.0,3.05,In Stock,13.0,3640.95,Mid-Range,Good
Home & Garden,4962.0,3.12,Out of Stock,46.0,2679.48,Mid-Range,Good
Home & Garden,2341.0,3.05,In Stock,19.0,1896.21,Budget,Good
Sports,3945.0,1.87,In Stock,36.0,2524.8,Mid-Range,Poor
Home & Garden,2806.0,3.09,Out of Stock,28.0,2020.32,Mid-Range,Good
Sports,6057.0,4.7,In Stock,48.0,3149.64,Premium,Excellent
Home & Garden,9011.0,3.05,In Stock,24.0,6848.36,Luxury,Good
Home & Garden,3978.0,2.41,In Stock,32.0,2705.04,Mid-Range,Average
Home & Garden,1707.0,3.05,In Stock,24.0,1297.32,Budget,Good
Home & Garden,855.0,3.05,Out of Stock,7.0,795.15,Budget,Good
Home & Garden,1279.0,4.97,Out of Stock,36.0,818.56,Budget,Excellent
Home & Garden,8705.0,4.9,In Stock,23.0,6702.85,Luxury,Excellent
Home & Garden,7317.0,1.16,In Stock,0.0,7317.0,Premium,Poor
Home & Garden,9972.0,3.05,Out of Stock,15.0,8476.2,Luxury,Good
Home & Garden,4194.0,3.05,Out of Stock,36.0,2684.16,Mid-Range,Good
Home & Garden,1152.0,3.05,Out of Stock,24.0,875.52,Budget,Good
Home & Garden,1155.0,3.05,In Stock,38.0,716.1,Budget,Good
Home & Garden,7400.0,2.79,In Stock,18.0,6068.0,Premium,Average
Clothing,1241.0,3.73,In Stock,9.0,1129.31,Budget,Good
Home & Garden,4774.0,2.31,Out of Stock,14.0,4105.64,Mid-Range,Average
Home & Garden,9789.0,3.98,In Stock,14.0,8418.54,Luxury,Good
Clothing,6906.0,3.25,Out of Stock,41.0,4074.54,Premium,Good
Home & Garden,5383.0,3.09,In Stock,27.0,3929.59,Premium,Good
Home & Garden,7721.0,4.97,Out of Stock,34.0,5095.86,Luxury,Excellent
Home & Garden,4962.0,1.3,Out of Stock,7.0,4614.66,Mid-Range,Poor
Home & Garden,4789.0,3.05,Out of Stock,0.0,4789.0,Mid-Range,Good
Sports,5031.0,3.24,In Stock,40.0,3018.6,Premium,Good
Home & Garden,3855.0,3.05,Out of Stock,46.0,2081.7,Mid-Range,Good
Clothing,1697.0,3.25,In Stock,4.0,1629.12,Budget,Good
Home & Garden,3227.0,3.05,Out of Stock,42.0,1871.66,Mid-Range,Good
Electronics,8483.0,3.03,In Stock,26.0,6277.42,Luxury,Good
Home & Garden,687.0,1.79,In Stock,25.0,515.25,Budget,Poor
Home & Garden,8073.0,3.05,Out of Stock,4.0,7750.08,Luxury,Good
Electronics,7280.0,2.15,Out of Stock,23.0,5605.6,Premium,Average
Home & Garden,1124.0,1.3,In Stock,29.0,798.04,Budget,Poor
Home & Garden,4419.0,3.05,In Stock,13.0,3844.53,Mid-Range,Good
Home & Garden,8891.0,3.05,In Stock,37.0,5601.33,Luxury,Good
Clothing,247.0,3.75,In Stock,10.0,222.3,Budget,Good
Home & Garden,9324.0,3.03,Out of Stock,37.0,5874.12,Luxury,Good
Home & Garden,4905.0,1.5,In Stock,7.0,4561.65,Mid-Range,Poor
Home & Garden,7605.0,3.05,Out of Stock,4.0,7300.8,Luxury,Good
Sports,1237.0,1.28,In Stock,44.0,692.72,Budget,Poor
Sports,4000.0,4.49,In Stock,26.0,2960.0,Mid-Range,Excellent
Sports,5788.0,3.94,In Stock,37.0,3646.44,Premium,Good
Clothing,7356.0,1.82,In Stock,11.0,6546.84,Premium,Poor
Home & Garden,1061.0,4.2,Out of Stock,8.0,976.12,Budget,Excellent
Home & Garden,2302.0,3.05,In Stock,8.0,2117.84,Budget,Good
Home & Garden,5634.0,3.05,Out of Stock,46.0,3042.36,Premium,Good
Home & Garden,7297.0,3.05,In Stock,4.0,7005.12,Premium,Good
Home & Garden,5207.0,4.6,Out of Stock,3.0,5050.79,Premium,Excellent
Home & Garden,561.0,1.22,In Stock,24.0,426.36,Budget,Poor
Home & Garden,922.0,3.05,Out of Stock,24.0,700.72,Budget,Good
Home & Garden,6349.0,3.73,Out of Stock,24.0,4825.24,Premium,Good
Sports,7719.0,1.96,In Stock,39.0,4708.59,Luxury,Poor
Home & Garden,186.0,4.19,In Stock,24.0,141.36,Budget,Excellent
Home & Garden,2971.0,1.66,In Stock,10.0,2673.9,Mid-Range,Poor
Home & Garden,4495.0,3.05,In Stock,4.0,4315.2,Mid-Range,Good
Home & Garden,5672.0,3.15,In Stock,27.0,4140.56,Premium,Good
Home & Garden,7487.0,3.05,In Stock,21.0,5914.73,Premium,Good
Sports,8989.0,3.24,In Stock,6.0,8449.66,Luxury,Good
Home & Garden,483.0,4.95,In Stock,32.0,328.44,Budget,Excellent
Home & Garden,6710.0,1.79,Out of Stock,27.0,4898.3,Premium,Poor
Home & Garden,1685.0,3.05,In Stock,6.0,1583.9,Budget,Good
Home & Garden,6014.0,3.05,Out of Stock,14.0,5172.04,Premium,Good
Electronics,5261.0,4.33,Out of Stock,12.0,4629.68,Premium,Excellent
Home & Garden,3481.0,3.04,In Stock,26.0,2575.94,Mid-Range,Good
Clothing,6090.0,3.25,In Stock,21.0,4811.1,Premium,Good
Home & Garden,9574.0,3.05,In Stock,45.0,5265.7,Luxury,Good
Home & Garden,9464.0,1.98,Out of Stock,40.0,5678.4,Luxury,Poor
Home & Garden,3074.0,1.06,In Stock,34.0,2028.84,Mid-Range,Poor
Home & Garden,5674.0,1.13,In Stock,49.0,2893.74,Premium,Poor
Home & Garden,2271.0,1.6,Out of Stock,20.0,1816.8,Budget,Poor
Home & Garden,347.0,3.05,In Stock,41.0,204.73,Budget,Good
Home & Garden,4847.0,2.72,In Stock,3.0,4701.59,Mid-Range,Average
Home & Garden,329.0,4.55,In Stock,48.0,171.08,Budget,Excellent
Electronics,7150.0,2.98,In Stock,12.0,6292.0,Premium,Average
Home & Garden,8468.0,3.05,In Stock,24.0,6435.68,Luxury,Good
Home & Garden,9742.0,4.37,Out of Stock,20.0,7793.6,Luxury,Excellent
Clothing,2659.0,4.69,In Stock,32.0,1808.12,Mid-Range,Excellent
Home & Garden,2396.0,2.57,In Stock,0.0,2396.0,Budget,Average
Home & Garden,528.0,3.05,In Stock,17.0,438.24,Budget,Good
Home & Garden,1827.0,3.05,Out of Stock,37.0,1151.01,Budget,Good
Electronics,4385.0,2.9,In Stock,2.0,4297.3,Mid-Range,Average
Home & Garden,6576.0,3.05,In Stock,23.0,5063.52,Premium,Good
Home & Garden,2821.0,1.62,In Stock,14.0,2426.06,Mid-Range,Poor
Home & Garden,4962.0,3.05,In Stock,32.0,3374.16,Mid-Range,Good
Home & Garden,6812.0,3.05,In Stock,26.0,5040.88,Premium,Good
Electronics,8754.0,3.03,In Stock,7.0,8141.22,Luxury,Good
Home & Garden,5077.0,3.05,In Stock,10.0,4569.3,Premium,Good
Home & Garden,4175.0,3.05,In Stock,8.0,3841.0,Mid-Range,Good
Home & Garden,8341.0,1.03,In Stock,15.0,7089.85,Luxury,Poor
Home & Garden,6138.0,3.05,In Stock,18.0,5033.16,Premium,Good
Home & Garden,1973.0,3.05,In Stock,6.0,1854.62,Budget,Good
Home & Garden,7355.0,2.45,Out of Stock,5.0,6987.25,Premium,Average
Clothing,906.0,2.25,Out of Stock,25.0,679.5,Budget,Average
Sports,8779.0,3.24,In Stock,26.0,6496.46,Luxury,Good
Home & Garden,124.0,3.05,In Stock,19.0,100.44,Budget,Good
Home & Garden,5408.0,3.77,Out of Stock,19.0,4380.48,Premium,Good
Home & Garden,4501.0,2.3,In Stock,24.0,3420.76,Mid-Range,Average
Sports,7053.0,4.35,In Stock,31.0,4866.57,Premium,Excellent
Home & Garden,3751.0,4.82,In Stock,24.0,2850.76,Mid-Range,Excellent
Home & Garden,9833.0,3.05,In Stock,26.0,7276.42,Luxury,Good
Electronics,8339.0,3.56,In Stock,22.0,6504.42,Luxury,Good
Home & Garden,1884.0,3.05,In Stock,38.0,1168.08,Budget,Good
Sports,6107.0,3.24,In Stock,24.0,4641.32,Premium,Good
Home & Garden,1258.0,4.52,Out of Stock,37.0,792.54,Budget,Excellent
Home & Garden,5039.0,4.02,In Stock,28.0,3628.08,Premium,Excellent
Home & Garden,3074.0,3.59,Out of Stock,24.0,2336.24,Mid-Range,Good
Electronics,3020.0,3.39,In Stock,28.0,2174.4,Mid-Range,Good
Home & Garden,2271.0,4.48,In Stock,13.0,1975.77,Budget,Excellent
Electronics,640.0,3.03,In Stock,26.0,473.6,Budget,Good
Home & Garden,1521.0,3.05,In Stock,42.0,882.18,Budget,Good
Home & Garden,6878.0,2.76,In Stock,19.0,5571.18,Premium,Average
Sports,2674.0,3.24,In Stock,26.0,1978.76,Mid-Range,Good
Home & Garden,924.0,3.05,In Stock,49.0,471.24,Budget,Good
Home & Garden,8067.0,3.48,In Stock,20.0,6453.6,Luxury,Good
Home & Garden,4962.0,3.05,In Stock,12.0,4366.56,Mid-Range,Good
Home & Garden,6491.0,3.65,Out of Stock,18.0,5322.62,Premium,Good
Sports,5957.0,3.24,In Stock,35.0,3872.05,Premium,Good
Home & Garden,4962.0,3.22,Out of Stock,40.0,2977.2,Mid-Range,Good
Home & Garden,4393.0,3.05,Out of Stock,48.0,2284.36,Mid-Range,Good
Sports,263.0,3.24,Out of Stock,19.0,213.03,Budget,Good
Home & Garden,6311.0,4.31,In Stock,2.0,6184.78,Premium,Excellent
Home & Garden,873.0,3.05,Out of Stock,24.0,663.48,Budget,Good
Sports,5053.0,3.24,Out of Stock,5.0,4800.35,Premium,Good
Home & Garden,1641.0,3.05,Out of Stock,41.0,968.19,Budget,Good
Home & Garden,1140.0,3.05,In Stock,43.0,649.8,Budget,Good
Home & Garden,1689.0,3.05,In Stock,28.0,1216.08,Budget,Good
Electronics,5690.0,2.53,In Stock,42.0,3300.2,Premium,Average
Home & Garden,9250.0,2.07,In Stock,2.0,9065.0,Luxury,Average
Sports,6666.0,3.16,In Stock,36.0,4266.24,Premium,Good
Home & Garden,2146.0,1.49,In Stock,27.0,1566.58,Budget,Poor
Home & Garden,9210.0,1.84,In Stock,7.0,8565.3,Luxury,Poor
Home & Garden,4103.0,2.1,In Stock,14.0,3528.58,Mid-Range,Average
Home & Garden,3301.0,3.05,Out of Stock,3.0,3201.97,Mid-Range,Good
Electronics,5398.0,2.94,In Stock,31.0,3724.62,Premium,Average
Home & Garden,7066.0,3.05,In Stock,21.0,5582.14,Premium,Good
Home & Garden,2048.0,4.12,In Stock,24.0,1556.48,Budget,Excellent
Sports,446.0,2.81,Out of Stock,17.0,370.18,Budget,Average
Clothing,8127.0,3.25,Out of Stock,26.0,6013.98,Luxury,Good
Home & Garden,3012.0,1.04,In Stock,12.0,2650.56,Mid-Range,Poor
Home & Garden,5693.0,3.05,In Stock,17.0,4725.19,Premium,Good
Electronics,9456.0,1.23,In Stock,40.0,5673.6,Luxury,Poor
Electronics,1832.0,3.03,In Stock,26.0,1355.68,Budget,Good
Home & Garden,7640.0,1.04,Out of Stock,34.0,5042.4,Luxury,Poor
Home & Garden,9980.0,3.05,Out of Stock,1.0,9880.2,Luxury,Good
Home & Garden,7511.0,3.05,Out of Stock,33.0,5032.37,Luxury,Good
Home & Garden,1025.0,3.05,In Stock,5.0,973.75,Budget,Good
Home & Garden,5867.0,4.13,In Stock,18.0,4810.94,Premium,Excellent
Home & Garden,1907.0,3.05,In Stock,16.0,1601.88,Budget,Good
Home & Garden,2886.0,2.35,In Stock,7.0,2683.98,Mid-Range,Average
Home & Garden,3733.0,3.2,Out of Stock,22.0,2911.74,Mid-Range,Good
Sports,7288.0,3.24,In Stock,8.0,6704.96,Premium,Good
Sports,9390.0,1.74,Out of Stock,4.0,9014.4,Luxury,Poor
Home & Garden,9037.0,3.05,Out of Stock,24.0,6868.12,Luxury,Good
Home & Garden,102.0,4.47,Out of Stock,19.0,82.62,Budget,Excellent
Electronics,580.0,3.03,In Stock,17.0,481.4,Budget,Good
Home & Garden,1870.0,1.05,In Stock,15.0,1589.5,Budget,Poor
Home & Garden,9076.0,2.5,In Stock,34.0,5990.16,Luxury,Average
Home & Garden,7248.0,3.58,In Stock,34.0,4783.68,Premium,Good
Home & Garden,4394.0,2.61,In Stock,31.0,3031.86,Mid-Range,Average
Home & Garden,5408.0,2.38,In Stock,4.0,5191.68,Premium,Average
Home & Garden,1642.0,3.05,In Stock,13.0,1428.54,Budget,Good
Home & Garden,5458.0,2.1,Out of Stock,24.0,4148.08,Premium,Average
Home & Garden,6387.0,4.99,In Stock,24.0,4854.12,Premium,Excellent
Home & Garden,9702.0,2.45,In Stock,48.0,5045.04,Luxury,Average
Home & Garden,5335.0,2.54,Out of Stock,25.0,4001.25,Premium,Average
Home & Garden,7985.0,3.05,Out of Stock,1.0,7905.15,Luxury,Good
Home & Garden,9788.0,1.12,In Stock,40.0,5872.8,Luxury,Poor
Home & Garden,1362.0,3.05,In Stock,15.0,1157.7,Budget,Good
Home & Garden,3225.0,3.05,In Stock,24.0,2451.0,Mid-Range,Good
Sports,9180.0,3.86,In Stock,23.0,7068.6,Luxury,Good
Home & Garden,7287.0,3.05,In Stock,27.0,5319.51,Premium,Good
Home & Garden,3687.0,2.93,Out of Stock,11.0,3281.43,Mid-Range,Average
Home & Garden,2087.0,2.65,In Stock,37.0,1314.81,Budget,Average
Home & Garden,4962.0,4.8,In Stock,43.0,2828.34,Mid-Range,Excellent
Home & Garden,4756.0,1.62,In Stock,24.0,3614.56,Mid-Range,Poor
Sports,6464.0,2.86,In Stock,26.0,4783.36,Premium,Average
Sports,1947.0,3.24,In Stock,42.0,1129.26,Budget,Good
Electronics,7681.0,2.87,In Stock,33.0,5146.27,Luxury,Average
Clothing,8761.0,3.25,In Stock,9.0,7972.51,Luxury,Good
Electronics,5528.0,3.03,In Stock,35.0,3593.2,Premium,Good
Home & Garden,2191.0,2.41,In Stock,37.0,1380.33,Budget,Average
Home & Garden,5661.0,3.05,Out of Stock,3.0,5491.17,Premium,Good
Home & Garden,880.0,4.88,In Stock,24.0,668.8,Budget,Excellent
Clothing,855.0,2.82,In Stock,24.5,645.52,Budget,Average
Home & Garden,2420.0,3.05,In Stock,25.0,1815.0,Budget,Good
Home & Garden,2291.0,4.94,In Stock,1.0,2268.09,Budget,Excellent
Home & Garden,7224.0,4.03,Out of Stock,41.0,4262.16,Premium,Excellent
Electronics,4878.0,3.03,Out of Stock,3.0,4731.66,Mid-Range,Good
Sports,1136.0,3.24,In Stock,47.0,602.08,Budget,Good
Home & Garden,4962.0,3.5,In Stock,14.0,4267.32,Mid-Range,Good
Home & Garden,7435.0,3.05,In Stock,7.0,6914.55,Premium,Good
Home & Garden,7807.0,4.79,In Stock,46.0,4215.78,Luxury,Excellent
Home & Garden,8874.0,2.09,Out of Stock,48.0,4614.48,Luxury,Average
Home & Garden,6348.0,3.05,In Stock,40.0,3808.8,Premium,Good
Home & Garden,2585.0,3.05,In Stock,40.0,1551.0,Mid-Range,Good
Home & Garden,8681.0,2.59,Out of Stock,28.0,6250.32,Luxury,Average
Home & Garden,6359.0,3.1,In Stock,17.0,5277.97,Premium,Good
Home & Garden,8410.0,3.96,In Stock,7.0,7821.3,Luxury,Good
Home & Garden,8964.0,2.85,Out of Stock,24.0,6812.64,Luxury,Average
Home & Garden,4962.0,3.05,Out of Stock,25.0,3721.5,Mid-Range,Good
Home & Garden,1888.0,3.05,In Stock,37.0,1189.44,Budget,Good
Home & Garden,6110.0,3.05,Out of Stock,43.0,3482.7,Premium,Good
Home & Garden,3526.0,3.05,In Stock,8.0,3243.92,Mid-Range,Good
Home & Garden,7199.0,2.53,In Stock,42.0,4175.42,Premium,Average
Home & Garden,9439.0,3.05,In Stock,32.0,6418.52,Luxury,Good
Home & Garden,5097.0,1.99,In Stock,41.0,3007.23,Premium,Poor
Home & Garden,8031.0,4.03,In Stock,48.0,4176.12,Luxury,Excellent
Home & Garden,2205.0,1.26,In Stock,24.0,1675.8,Budget,Poor
Home & Garden,3240.0,2.87,In Stock,8.0,2980.8,Mid-Range,Average
Clothing,3263.0,3.25,Out of Stock,30.0,2284.1,Mid-Range,Good
Home & Garden,1322.0,1.59,In Stock,24.0,1004.72,Budget,Poor
Home & Garden,3261.0,3.05,In Stock,36.0,2087.04,Mid-Range,Good
Home & Garden,9392.0,3.05,In Stock,7.0,8734.56,Luxury,Good
Home & Garden,3833.0,3.86,In Stock,48.0,1993.16,Mid-Range,Good
Home & Garden,4962.0,3.71,In Stock,37.0,3126.06,Mid-Range,Good
Home & Garden,1962.0,1.88,In Stock,24.0,1491.12,Budget,Poor
Home & Garden,2266.0,2.53,In Stock,6.0,2130.04,Budget,Average
Home & Garden,8889.0,3.37,In Stock,7.0,8266.77,Luxury,Good
Home & Garden,270.0,4.59,In Stock,16.0,226.8,Budget,Excellent
Home & Garden,3231.0,4.7,In Stock,44.0,1809.36,Mid-Range,Excellent
Sports,981.0,2.0,In Stock,18.0,804.42,Budget,Poor
Home & Garden,8654.0,3.05,In Stock,45.0,4759.7,Luxury,Good
Home & Garden,1253.0,3.05,In Stock,20.0,1002.4,Budget,Good
Home & Garden,824.0,1.07,In Stock,4.0,791.04,Budget,Poor
Home & Garden,3638.0,2.15,In Stock,14.0,3128.68,Mid-Range,Average
Home & Garden,740.0,3.05,In Stock,49.0,377.4,Budget,Good
Sports,3768.0,1.26,In Stock,40.0,2260.8,Mid-Range,Poor
Home & Garden,9185.0,3.05,Out of Stock,9.0,8358.35,Luxury,Good
Home & Garden,6373.0,4.61,Out of Stock,26.0,4716.02,Premium,Excellent
Home & Garden,2408.0,3.05,Out of Stock,48.0,1252.16,Budget,Good
Electronics,6998.0,4.86,In Stock,16.0,5878.32,Premium,Excellent
Home & Garden,2074.0,3.32,Out of Stock,27.0,1514.02,Budget,Good
Home & Garden,7533.0,3.05,In Stock,24.0,5725.08,Luxury,Good
Home & Garden,206.0,3.05,Out of Stock,24.0,156.56,Budget,Good
Electronics,4726.0,4.11,Out of Stock,44.0,2646.56,Mid-Range,Excellent
Home & Garden,5783.0,4.59,In Stock,17.0,4799.89,Premium,Excellent
Home & Garden,1560.0,3.93,Out of Stock,31.0,1076.4,Budget,Good
Electronics,9918.0,1.12,In Stock,40.0,5950.8,Luxury,Poor
Home & Garden,2030.0,3.76,In Stock,16.0,1705.2,Budget,Good
Sports,3745.0,3.24,In Stock,26.0,2771.3,Mid-Range,Good
Home & Garden,4900.0,3.05,In Stock,4.0,4704.0,Mid-Range,Good
Home & Garden,5737.0,3.05,In Stock,41.0,3384.83,Premium,Good
Home & Garden,7045.0,3.05,Out of Stock,30.0,4931.5,Premium,Good
Electronics,2748.0,2.18,In Stock,22.0,2143.44,Mid-Range,Average
Home & Garden,4714.0,4.45,In Stock,33.0,3158.38,Mid-Range,Excellent
Clothing,2013.0,3.25,Out of Stock,24.5,1519.82,Budget,Good
Home & Garden,1394.0,3.05,In Stock,31.0,961.86,Budget,Good
Home & Garden,7465.0,3.05,Out of Stock,33.0,5001.55,Premium,Good
Home & Garden,7701.0,3.05,In Stock,41.0,4543.59,Luxury,Good
Home & Garden,4894.0,2.51,Out of Stock,33.0,3278.98,Mid-Range,Average
Electronics,4843.0,3.03,Out of Stock,9.0,4407.13,Mid-Range,Good
Home & Garden,8736.0,3.05,Out of Stock,13.0,7600.32,Luxury,Good
Clothing,9120.0,1.51,In Stock,39.0,5563.2,Luxury,Poor
Home & Garden,2427.0,3.05,Out of Stock,39.0,1480.47,Budget,Good
Home & Garden,4535.0,3.73,In Stock,20.0,3628.0,Mid-Range,Good
Home & Garden,2330.0,3.59,Out of Stock,19.0,1887.3,Budget,Good
Home & Garden,1218.0,1.38,In Stock,14.0,1047.48,Budget,Poor
Home & Garden,7142.0,4.81,In Stock,2.0,6999.16,Premium,Excellent
Electronics,9622.0,3.03,In Stock,28.0,6927.84,Luxury,Good
Home & Garden,9258.0,1.59,In Stock,45.0,5091.9,Luxury,Poor
Electronics,5072.0,1.31,In Stock,15.0,4311.2,Premium,Poor
Home & Garden,3168.0,3.05,In Stock,5.0,3009.6,Mid-Range,Good
Electronics,6649.0,3.03,Out of Stock,9.0,6050.59,Premium,Good
Electronics,7425.0,3.93,Out of Stock,24.0,5643.0,Premium,Good
Home & Garden,8623.0,3.27,In Stock,30.0,6036.1,Luxury,Good
Sports,4867.0,3.24,In Stock,5.0,4623.65,Mid-Range,Good
Home & Garden,3405.0,3.22,In Stock,40.0,2043.0,Mid-Range,Good
Home & Garden,4240.0,3.05,In Stock,48.0,2204.8,Mid-Range,Good
Home & Garden,341.0,2.75,In Stock,21.0,269.39,Budget,Average
Home & Garden,4403.0,3.05,In Stock,49.0,2245.53,Mid-Range,Good
Home & Garden,9457.0,1.12,Out of Stock,24.0,7187.32,Luxury,Poor
Home & Garden,5292.0,3.56,Out of Stock,25.0,3969.0,Premium,Good
Home & Garden,4072.0,4.61,In Stock,11.0,3624.08,Mid-Range,Excellent
Sports,4191.0,3.24,In Stock,43.0,2388.87,Mid-Range,Good
Home & Garden,3027.0,3.05,Out of Stock,0.0,3027.0,Mid-Range,Good
Home & Garden,2249.0,3.05,In Stock,49.0,1146.99,Budget,Good
Home & Garden,8792.0,3.05,In Stock,18.0,7209.44,Luxury,Good
Home & Garden,4287.0,2.6,Out of Stock,44.0,2400.72,Mid-Range,Average
Home & Garden,3523.0,2.5,Out of Stock,32.0,2395.64,Mid-Range,Average
Sports,979.0,3.24,In Stock,27.0,714.67,Budget,Good
Home & Garden,4962.0,4.46,In Stock,45.0,2729.1,Mid-Range,Excellent
Home & Garden,614.0,3.41,In Stock,28.0,442.08,Budget,Good
Sports,2424.0,3.04,Out of Stock,32.0,1648.32,Budget,Good
Electronics,5817.0,3.16,In Stock,24.0,4420.92,Premium,Good
Home & Garden,9563.0,1.1,Out of Stock,9.0,8702.33,Luxury,Poor
Sports,6712.0,3.24,In Stock,36.0,4295.68,Premium,Good
Home & Garden,2864.0,1.37,In Stock,46.0,1546.56,Mid-Range,Poor
Home & Garden,5196.0,3.53,Out of Stock,35.0,3377.4,Premium,Good
Electronics,8066.0,2.09,Out of Stock,21.0,6372.14,Luxury,Average
Sports,3106.0,4.49,In Stock,34.0,2049.96,Mid-Range,Excellent
Sports,7814.0,4.75,In Stock,23.0,6016.78,Luxury,Excellent
Home & Garden,4678.0,3.52,In Stock,42.0,2713.24,Mid-Range,Good
Home & Garden,6026.0,3.05,In Stock,40.0,3615.6,Premium,Good
Home & Garden,5711.0,1.64,In Stock,41.0,3369.49,Premium,Poor
Home & Garden,9460.0,3.3,In Stock,34.0,6243.6,Luxury,Good
Home & Garden,2352.0,3.05,Out of Stock,11.0,2093.28,Budget,Good
Sports,5589.0,4.09,In Stock,19.0,4527.09,Premium,Excellent
Home & Garden,894.0,3.05,In Stock,17.0,742.02,Budget,Good
Home & Garden,5496.0,1.2,In Stock,14.0,4726.56,Premium,Poor
Home & Garden,2779.0,4.35,Out of Stock,45.0,1528.45,Mid-Range,Excellent
Home & Garden,752.0,3.05,In Stock,31.0,518.88,Budget,Good
Electronics,4745.0,3.03,In Stock,5.0,4507.75,Mid-Range,Good
Home & Garden,7978.0,3.8,In Stock,32.0,5425.04,Luxury,Good
Clothing,6583.0,3.83,In Stock,36.0,4213.12,Premium,Good
Home & Garden,4874.0,3.05,In Stock,48.0,2534.48,Mid-Range,Good
Home & Garden,8777.0,3.31,In Stock,27.0,6407.21,Luxury,Good
Home & Garden,347.0,3.05,Out of Stock,0.0,347.0,Budget,Good
Home & Garden,4962.0,3.05,In Stock,8.0,4565.04,Mid-Range,Good
Home & Garden,7020.0,3.89,In Stock,21.0,5545.8,Premium,Good
Clothing,1973.0,4.27,In Stock,24.5,1489.62,Budget,Excellent
Home & Garden,3151.0,3.05,In Stock,29.0,2237.21,Mid-Range,Good
Home & Garden,7179.0,4.19,In Stock,20.0,5743.2,Premium,Excellent
Home & Garden,294.0,3.05,In Stock,38.0,182.28,Budget,Good
Home & Garden,3449.0,3.05,In Stock,25.0,2586.75,Mid-Range,Good
Clothing,3166.0,3.25,Out of Stock,20.0,2532.8,Mid-Range,Good
Home & Garden,6922.0,3.05,In Stock,40.0,4153.2,Premium,Good
Home & Garden,3695.0,3.05,In Stock,4.0,3547.2,Mid-Range,Good
Home & Garden,5828.0,3.05,In Stock,24.0,4429.28,Premium,Good
Home & Garden,5273.0,3.05,In Stock,26.0,3902.02,Premium,Good
Home & Garden,5549.0,2.05,In Stock,19.0,4494.69,Premium,Average
Home & Garden,1585.0,3.05,In Stock,24.0,1204.6,Budget,Good
Home & Garden,4676.0,1.27,In Stock,19.0,3787.56,Mid-Range,Poor
Home & Garden,5071.0,2.7,Out of Stock,27.0,3701.83,Premium,Average
Home & Garden,6691.0,2.12,Out of Stock,39.0,4081.51,Premium,Average
Home & Garden,3065.0,3.05,In Stock,29.0,2176.15,Mid-Range,Good
Home & Garden,3516.0,3.05,In Stock,28.0,2531.52,Mid-Range,Good
Clothing,1354.0,4.17,In Stock,14.0,1164.44,Budget,Excellent
Home & Garden,879.0,3.05,In Stock,47.0,465.87,Budget,Good
Home & Garden,6503.0,3.05,In Stock,24.0,4942.28,Premium,Good
Home & Garden,6397.0,4.53,Out of Stock,2.0,6269.06,Premium,Excellent
Home & Garden,247.0,3.57,In Stock,26.0,182.78,Budget,Good
Electronics,3200.0,3.03,In Stock,31.0,2208.0,Mid-Range,Good
Home & Garden,5320.0,3.05,In Stock,24.0,4043.2,Premium,Good
Home & Garden,9076.0,3.05,In Stock,38.0,5627.12,Luxury,Good
Home & Garden,7930.0,3.05,In Stock,38.0,4916.6,Luxury,Good
Home & Garden,6582.0,3.05,Out of Stock,6.0,6187.08,Premium,Good
Home & Garden,9391.0,3.86,In Stock,20.0,7512.8,Luxury,Good
Home & Garden,4355.0,3.05,In Stock,4.0,4180.8,Mid-Range,Good
Home & Garden,4330.0,2.57,Out of Stock,5.0,4113.5,Mid-Range,Average
Home & Garden,2962.0,2.0,Out of Stock,24.0,2251.12,Mid-Range,Poor
Home & Garden,4990.0,3.35,In Stock,24.0,3792.4,Mid-Range,Good
Sports,6828.0,3.95,In Stock,29.0,4847.88,Premium,Good
Home & Garden,2771.0,3.05,Out of Stock,25.0,2078.25,Mid-Range,Good
Home & Garden,3179.0,3.05,Out of Stock,48.0,1653.08,Mid-Range,Good
Clothing,2763.0,3.25,In Stock,16.0,2320.92,Mid-Range,Good
Home & Garden,2224.0,3.05,Out of Stock,25.0,1668.0,Budget,Good
Home & Garden,6786.0,4.78,Out of Stock,35.0,4410.9,Premium,Excellent
Home & Garden,1640.0,3.05,Out of Stock,36.0,1049.6,Budget,Good
Sports,5103.0,3.24,In Stock,3.0,4949.91,Premium,Good
Electronics,3946.0,3.08,Out of Stock,19.0,3196.26,Mid-Range,Good
Home & Garden,4962.0,3.05,Out of Stock,17.0,4118.46,Mid-Range,Good
Home & Garden,475.0,3.05,In Stock,20.0,380.0,Budget,Good
Home & Garden,5682.0,3.05,Out of Stock,6.0,5341.08,Premium,Good
Electronics,4745.0,2.03,In Stock,29.0,3368.95,Mid-Range,Average
Home & Garden,3208.0,1.76,In Stock,30.0,2245.6,Mid-Range,Poor
Home & Garden,7241.0,3.05,In Stock,24.0,5503.16,Premium,Good
Home & Garden,3798.0,3.05,In Stock,24.0,2886.48,Mid-Range,Good
Home & Garden,1450.0,3.68,In Stock,4.0,1392.0,Budget,Good
Home & Garden,9312.0,3.05,Out of Stock,36.0,5959.68,Luxury,Good
Home & Garden,6333.0,2.6,In Stock,41.0,3736.47,Premium,Average
Home & Garden,6894.0,3.0,Out of Stock,45.0,3791.7,Premium,Average
Home & Garden,800.0,2.04,Out of Stock,26.0,592.0,Budget,Average
Home & Garden,5001.0,3.05,Out of Stock,18.0,4100.82,Premium,Good
Home & Garden,1358.0,1.51,In Stock,29.0,964.18,Budget,Poor
Home & Garden,7104.0,3.64,In Stock,47.0,3765.12,Premium,Good
Home & Garden,649.0,4.44,In Stock,24.0,493.24,Budget,Excellent
Home & Garden,9209.0,3.61,In Stock,21.0,7275.11,Luxury,Good
Home & Garden,4962.0,1.08,Out of Stock,21.0,3919.98,Mid-Range,Poor
Home & Garden,4521.0,3.05,Out of Stock,6.0,4249.74,Mid-Range,Good
Electronics,2047.0,2.87,In Stock,42.0,1187.26,Budget,Average
Home & Garden,1277.0,1.16,In Stock,15.0,1085.45,Budget,Poor
Home & Garden,1697.0,2.28,Out of Stock,34.0,1120.02,Budget,Average
Sports,1198.0,3.24,In Stock,40.0,718.8,Budget,Good
Clothing,2449.0,3.25,In Stock,44.0,1371.44,Budget,Good
Clothing,1243.0,3.25,In Stock,45.0,683.65,Budget,Good
Sports,1090.0,3.24,Out of Stock,40.0,654.0,Budget,Good
Home & Garden,4751.0,2.18,In Stock,16.0,3990.84,Mid-Range,Average
Sports,9562.0,3.24,In Stock,26.0,7075.88,Luxury,Good
Home & Garden,2892.0,4.24,Out of Stock,34.0,1908.72,Mid-Range,Excellent
Electronics,3810.0,3.03,In Stock,26.0,2819.4,Mid-Range,Good
Home & Garden,9502.0,3.05,In Stock,44.0,5321.12,Luxury,Good
Electronics,3658.0,3.97,In Stock,3.0,3548.26,Mid-Range,Good
Sports,5271.0,3.41,Out of Stock,25.0,3953.25,Premium,Good
Home & Garden,8450.0,1.98,In Stock,11.0,7520.5,Luxury,Poor
Home & Garden,8465.0,1.78,In Stock,24.0,6433.4,Luxury,Poor
Clothing,7708.0,3.32,Out of Stock,24.5,5819.54,Luxury,Good
Home & Garden,8158.0,4.66,In Stock,20.0,6526.4,Luxury,Excellent
Home & Garden,5371.0,3.05,Out of Stock,17.0,4457.93,Premium,Good
Home & Garden,2865.0,3.05,In Stock,23.0,2206.05,Mid-Range,Good
Home & Garden,7038.0,1.89,In Stock,13.0,6123.06,Premium,Poor
Home & Garden,4887.0,2.21,Out of Stock,18.0,4007.34,Mid-Range,Average
Home & Garden,9441.0,3.05,Out of Stock,32.0,6419.88,Luxury,Good
Clothing,2804.0,1.09,Out of Stock,42.0,1626.32,Mid-Range,Poor
Home & Garden,5520.0,3.05,In Stock,47.0,2925.6,Premium,Good
Home & Garden,403.0,4.83,In Stock,20.0,322.4,Budget,Excellent
Home & Garden,5048.0,3.05,Out of Stock,28.0,3634.56,Premium,Good
Home & Garden,4962.0,3.58,In Stock,46.0,2679.48,Mid-Range,Good
Home & Garden,1526.0,3.05,In Stock,45.0,839.3,Budget,Good
Clothing,4715.0,4.06,Out of Stock,30.0,3300.5,Mid-Range,Excellent
Home & Garden,3163.0,1.93,In Stock,0.0,3163.0,Mid-Range,Poor
Home & Garden,4962.0,3.05,Out of Stock,46.0,2679.48,Mid-Range,Good
Clothing,2807.0,1.38,Out of Stock,34.0,1852.62,Mid-Range,Poor
Sports,3823.0,3.24,In Stock,36.0,2446.72,Mid-Range,Good
Home & Garden,5702.0,3.35,In Stock,3.0,5530.94,Premium,Good
Electronics,5755.0,4.32,Out of Stock,3.0,5582.35,Premium,Excellent
Electronics,3099.0,3.03,Out of Stock,5.0,2944.05,Mid-Range,Good
Home & Garden,5133.0,3.05,Out of Stock,24.0,3901.08,Premium,Good
Clothing,2213.0,3.25,In Stock,46.0,1195.02,Budget,Good
Home & Garden,4158.0,3.05,In Stock,34.0,2744.28,Mid-Range,Good
Electronics,4021.0,3.03,Out of Stock,44.0,2251.76,Mid-Range,Good
Home & Garden,6886.0,3.05,In Stock,18.0,5646.52,Premium,Good
Home & Garden,6240.0,3.05,Out of Stock,27.0,4555.2,Premium,Good
Home & Garden,9525.0,3.05,In Stock,13.0,8286.75,Luxury,Good
Electronics,1742.0,4.05,In Stock,49.0,888.42,Budget,Excellent
Clothing,1580.0,1.25,In Stock,20.0,1264.0,Budget,Poor
Home & Garden,5997.0,3.05,In Stock,10.0,5397.3,Premium,Good
Home & Garden,7089.0,2.48,Out of Stock,16.0,5954.76,Premium,Average
Home & Garden,9926.0,4.16,In Stock,18.0,8139.32,Luxury,Excellent
Home & Garden,5985.0,1.62,In Stock,15.0,5087.25,Premium,Poor
Home & Garden,6216.0,3.75,In Stock,24.0,4724.16,Premium,Good
Home & Garden,9867.0,2.02,Out of Stock,45.0,5426.85,Luxury,Average
Home & Garden,6388.0,3.22,Out of Stock,40.0,3832.8,Premium,Good
Home & Garden,416.0,3.05,In Stock,5.0,395.2,Budget,Good
Home & Garden,9784.0,1.89,In Stock,49.0,4989.84,Luxury,Poor
Home & Garden,1979.0,3.31,In Stock,22.0,1543.62,Budget,Good
Sports,9328.0,3.74,In Stock,26.0,6902.72,Luxury,Good
Home & Garden,6890.0,3.05,Out of Stock,19.0,5580.9,Premium,Good
Home & Garden,6321.0,3.05,Out of Stock,21.0,4993.59,Premium,Good
Home & Garden,6174.0,3.05,In Stock,39.0,3766.14,Premium,Good
Sports,336.0,2.74,In Stock,40.0,201.6,Budget,Average
Home & Garden,7308.0,3.05,In Stock,26.0,5407.92,Premium,Good
Electronics,6101.0,4.53,In Stock,17.0,5063.83,Premium,Excellent
Home & Garden,7910.0,3.05,Out of Stock,35.0,5141.5,Luxury,Good
Clothing,7960.0,3.25,In Stock,4.0,7641.6,Luxury,Good
Home & Garden,4898.0,2.73,In Stock,0.0,4898.0,Mid-Range,Average
Sports,9288.0,2.05,In Stock,22.0,7244.64,Luxury,Average
Home & Garden,8587.0,3.05,In Stock,18.0,7041.34,Luxury,Good
Home & Garden,9068.0,2.94,In Stock,19.0,7345.08,Luxury,Average
Home & Garden,4962.0,3.05,In Stock,42.0,2877.96,Mid-Range,Good
Home & Garden,1072.0,3.05,Out of Stock,23.0,825.44,Budget,Good
Home & Garden,7118.0,4.57,In Stock,45.0,3914.9,Premium,Excellent
Home & Garden,9973.0,1.2,Out of Stock,24.0,7579.48,Luxury,Poor
Home & Garden,892.0,1.31,Out of Stock,41.0,526.28,Budget,Poor
Sports,6151.0,3.24,In Stock,15.0,5228.35,Premium,Good
Clothing,7612.0,3.25,Out of Stock,30.0,5328.4,Luxury,Good
Home & Garden,1208.0,3.05,In Stock,41.0,712.72,Budget,Good
Clothing,9436.0,3.25,Out of Stock,7.0,8775.48,Luxury,Good
Clothing,5182.0,1.83,Out of Stock,1.0,5130.18,Premium,Poor
Electronics,4481.0,3.03,In Stock,11.0,3988.09,Mid-Range,Good
Home & Garden,2312.0,3.33,Out of Stock,16.0,1942.08,Budget,Good
Sports,8314.0,4.47,In Stock,7.0,7732.02,Luxury,Excellent
Home & Garden,6398.0,1.94,Out of Stock,8.0,5886.16,Premium,Poor
Home & Garden,2770.0,3.05,In Stock,24.0,2105.2,Mid-Range,Good
Home & Garden,2603.0,3.05,In Stock,24.0,1978.28,Mid-Range,Good
Home & Garden,8300.0,3.26,Out of Stock,25.0,6225.0,Luxury,Good
Home & Garden,6462.0,4.32,In Stock,12.0,5686.56,Premium,Excellent
Electronics,112.0,3.73,Out of Stock,23.0,86.24,Budget,Good
Home & Garden,6288.0,4.9,Out of Stock,2.0,6162.24,Premium,Excellent
Sports,795.0,3.24,Out of Stock,8.0,731.4,Budget,Good
Electronics,1516.0,3.03,In Stock,14.0,1303.76,Budget,Good
Clothing,9752.0,4.47,In Stock,29.0,6923.92,Luxury,Excellent
Electronics,7535.0,2.68,In Stock,13.0,6555.45,Luxury,Average
Home & Garden,6679.0,3.05,In Stock,21.0,5276.41,Premium,Good
Home & Garden,9725.0,3.05,Out of Stock,49.0,4959.75,Luxury,Good
Sports,7628.0,3.24,In Stock,15.0,6483.8,Luxury,Good
Clothing,6602.0,1.63,Out of Stock,28.0,4753.44,Premium,Poor
Home & Garden,8104.0,3.17,In Stock,23.0,6240.08,Luxury,Good
Home & Garden,4197.0,3.05,In Stock,15.0,3567.45,Mid-Range,Good
Home & Garden,9522.0,3.05,In Stock,29.0,6760.62,Luxury,Good
Home & Garden,6951.0,3.05,Out of Stock,32.0,4726.68,Premium,Good
Home & Garden,5351.0,3.05,In Stock,1.0,5297.49,Premium,Good
Home & Garden,7740.0,3.05,Out of Stock,16.0,6501.6,Luxury,Good
Home & Garden,5409.0,1.12,In Stock,9.0,4922.19,Premium,Poor
Home & Garden,6005.0,3.05,In Stock,24.0,4563.8,Premium,Good
Home & Garden,3675.0,3.05,In Stock,16.0,3087.0,Mid-Range,Good
Home & Garden,9989.0,2.08,Out of Stock,24.0,7591.64,Luxury,Average
Home & Garden,654.0,3.05,In Stock,14.0,562.44,Budget,Good
Electronics,6129.0,3.73,Out of Stock,7.0,5699.97,Premium,Good
Clothing,2775.0,3.25,In Stock,11.0,2469.75,Mid-Range,Good
Home & Garden,6874.0,4.62,Out of Stock,44.0,3849.44,Premium,Excellent
Home & Garden,4404.0,3.05,In Stock,13.0,3831.48,Mid-Range,Good
Home & Garden,774.0,3.05,Out of Stock,11.0,688.86,Budget,Good
Electronics,5319.0,3.01,In Stock,26.0,3936.06,Premium,Good
Electronics,286.0,3.03,In Stock,22.0,223.08,Budget,Good
Home & Garden,4979.0,3.05,In Stock,24.0,3784.04,Mid-Range,Good
Home & Garden,9634.0,3.05,Out of Stock,22.0,7514.52,Luxury,Good
Sports,2497.0,3.24,In Stock,26.0,1847.78,Budget,Good
Home & Garden,8326.0,3.82,In Stock,12.0,7326.88,Luxury,Good
Home & Garden,4276.0,3.05,Out of Stock,24.0,3249.76,Mid-Range,Good
Home & Garden,4602.0,1.71,In Stock,24.0,3497.52,Mid-Range,Poor
Home & Garden,4720.0,2.56,Out of Stock,46.0,2548.8,Mid-Range,Average
Home & Garden,4005.0,2.3,Out of Stock,11.0,3564.45,Mid-Range,Average
Home & Garden,9177.0,3.93,In Stock,42.0,5322.66,Luxury,Good
Home & Garden,6506.0,3.05,In Stock,21.0,5139.74,Premium,Good
Home & Garden,1179.0,3.05,Out of Stock,6.0,1108.26,Budget,Good
Home & Garden,131.0,3.05,In Stock,39.0,79.91,Budget,Good
Home & Garden,9841.0,3.81,In Stock,42.0,5707.78,Luxury,Good
Sports,7648.0,3.11,Out of Stock,20.0,6118.4,Luxury,Good
Home & Garden,500.0,3.05,Out of Stock,27.0,365.0,Budget,Good
Home & Garden,7023.0,1.44,Out of Stock,49.0,3581.73,Premium,Poor
Home & Garden,5772.0,1.08,Out of Stock,24.0,4386.72,Premium,Poor
Home & Garden,7677.0,3.62,Out of Stock,35.0,4990.05,Luxury,Good
Home & Garden,5357.0,3.05,Out of Stock,33.0,3589.19,Premium,Good
Home & Garden,2676.0,3.05,Out of Stock,33.0,1792.92,Mid-Range,Good
Home & Garden,1898.0,3.05,In Stock,24.0,1442.48,Budget,Good
Home & Garden,404.0,3.05,In Stock,32.0,274.72,Budget,Good
Home & Garden,8368.0,3.05,In Stock,36.0,5355.52,Luxury,Good
Clothing,3282.0,3.25,Out of Stock,49.0,1673.82,Mid-Range,Good
Home & Garden,3582.0,4.86,In Stock,4.0,3438.72,Mid-Range,Excellent
Sports,3890.0,3.24,In Stock,46.0,2100.6,Mid-Range,Good
Home & Garden,2828.0,3.05,In Stock,23.0,2177.56,Mid-Range,Good
Home & Garden,8503.0,3.73,In Stock,24.0,6462.28,Luxury,Good
Home & Garden,1216.0,3.05,In Stock,32.0,826.88,Budget,Good
Home & Garden,551.0,3.05,In Stock,24.0,418.76,Budget,Good
Home & Garden,6248.0,3.05,In Stock,15.0,5310.8,Premium,Good
Home & Garden,7957.0,3.71,In Stock,1.0,7877.43,Luxury,Good
Clothing,6456.0,4.79,Out of Stock,15.0,5487.6,Premium,Excellent
Electronics,4745.0,3.03,Out of Stock,48.0,2467.4,Mid-Range,Good
Home & Garden,2652.0,3.05,In Stock,34.0,1750.32,Mid-Range,Good
Home & Garden,624.0,1.18,Out of Stock,40.0,374.4,Budget,Poor
Home & Garden,1801.0,4.85,In Stock,18.0,1476.82,Budget,Excellent
Home & Garden,3303.0,3.05,Out of Stock,1.0,3269.97,Mid-Range,Good
Home & Garden,7488.0,3.05,Out of Stock,24.0,5690.88,Premium,Good
Home & Garden,1293.0,1.52,In Stock,44.0,724.08,Budget,Poor
Sports,1172.0,3.24,Out of Stock,24.0,890.72,Budget,Good
Home & Garden,9812.0,3.05,In Stock,29.0,6966.52,Luxury,Good
Clothing,7431.0,3.52,Out of Stock,20.0,5944.8,Premium,Good
Home & Garden,6956.0,3.05,Out of Stock,16.0,5843.04,Premium,Good
Home & Garden,9012.0,3.05,Out of Stock,21.0,7119.48,Luxury,Good
Home & Garden,8412.0,3.05,Out of Stock,31.0,5804.28,Luxury,Good
Home & Garden,9083.0,3.05,In Stock,44.0,5086.48,Luxury,Good
Home & Garden,7418.0,3.05,In Stock,36.0,4747.52,Premium,Good
Clothing,8711.0,4.49,In Stock,5.0,8275.45,Luxury,Excellent
Home & Garden,4384.0,1.23,Out of Stock,25.0,3288.0,Mid-Range,Poor
Clothing,6204.0,3.8,In Stock,27.0,4528.92,Premium,Good
Home & Garden,5235.0,3.16,In Stock,32.0,3559.8,Premium,Good
Home & Garden,4162.0,1.51,In Stock,23.0,3204.74,Mid-Range,Poor
Electronics,108.0,3.03,In Stock,24.0,82.08,Budget,Good
Home & Garden,2278.0,3.05,In Stock,28.0,1640.16,Budget,Good
Home & Garden,2279.0,4.51,In Stock,2.0,2233.42,Budget,Excellent
Sports,6423.0,3.1,In Stock,25.0,4817.25,Premium,Good
Home & Garden,225.0,3.05,Out of Stock,39.0,137.25,Budget,Good
Home & Garden,6803.0,1.61,Out of Stock,14.0,5850.58,Premium,Poor
Sports,5341.0,1.06,In Stock,49.0,2723.91,Premium,Poor
Home & Garden,2841.0,4.61,Out of Stock,4.0,2727.36,Mid-Range,Excellent
Home & Garden,7862.0,1.28,In Stock,37.0,4953.06,Luxury,Poor
Home & Garden,5647.0,2.38,In Stock,3.0,5477.59,Premium,Average
Home & Garden,7018.0,1.69,In Stock,24.0,5333.68,Premium,Poor
Home & Garden,1408.0,3.05,In Stock,33.0,943.36,Budget,Good
Electronics,3118.0,3.56,Out of Stock,49.0,1590.18,Mid-Range,Good
Clothing,2875.0,2.68,In Stock,13.0,2501.25,Mid-Range,Average
Home & Garden,8488.0,3.05,Out of Stock,37.0,5347.44,Luxury,Good
Home & Garden,3392.0,1.48,In Stock,14.0,2917.12,Mid-Range,Poor
Home & Garden,1936.0,3.05,In Stock,32.0,1316.48,Budget,Good
Home & Garden,7578.0,3.05,Out of Stock,35.0,4925.7,Luxury,Good
Home & Garden,4910.0,1.32,In Stock,7.0,4566.3,Mid-Range,Poor
Home & Garden,2142.0,3.22,In Stock,24.0,1627.92,Budget,Good
Home & Garden,7834.0,3.05,In Stock,30.0,5483.8,Luxury,Good
Sports,2626.0,2.37,Out of Stock,22.0,2048.28,Mid-Range,Average
Home & Garden,3343.0,3.05,In Stock,6.0,3142.42,Mid-Range,Good
Clothing,3382.0,4.05,Out of Stock,24.5,2553.41,Mid-Range,Excellent
Home & Garden,4173.0,3.05,Out of Stock,28.0,3004.56,Mid-Range,Good
Clothing,9660.0,1.6,In Stock,13.0,8404.2,Luxury,Poor
Electronics,1270.0,3.03,In Stock,41.0,749.3,Budget,Good
Home & Garden,5952.0,3.05,In Stock,41.0,3511.68,Premium,Good
Home & Garden,2934.0,2.43,In Stock,17.0,2435.22,Mid-Range,Average
Home & Garden,6123.0,4.22,In Stock,24.0,4653.48,Premium,Excellent
Home & Garden,280.0,2.03,Out of Stock,0.0,280.0,Budget,Average
Home & Garden,4971.0,3.05,In Stock,11.0,4424.19,Mid-Range,Good
Electronics,1456.0,3.03,In Stock,41.0,859.04,Budget,Good
Clothing,6540.0,2.2,In Stock,33.0,4381.8,Premium,Average
Home & Garden,5006.0,4.94,Out of Stock,23.0,3854.62,Premium,Excellent
Clothing,854.0,3.25,Out of Stock,24.0,649.04,Budget,Good
Electronics,9943.0,3.03,In Stock,48.0,5170.36,Luxury,Good
Sports,6564.0,3.24,Out of Stock,23.0,5054.28,Premium,Good
Clothing,1558.0,3.25,In Stock,17.0,1293.14,Budget,Good
Home & Garden,7560.0,3.05,In Stock,36.0,4838.4,Luxury,Good
Clothing,3182.0,3.25,In Stock,24.5,2402.41,Mid-Range,Good
Electronics,6297.0,4.58,Out of Stock,5.0,5982.15,Premium,Excellent
Home & Garden,5821.0,3.05,Out of Stock,31.0,4016.49,Premium,Good
Home & Garden,2664.0,3.05,Out of Stock,35.0,1731.6,Mid-Range,Good
Home & Garden,4962.0,2.57,Out of Stock,47.0,2629.86,Mid-Range,Average
Electronics,4611.0,1.6,Out of Stock,19.0,3734.91,Mid-Range,Poor
Home & Garden,3669.0,1.91,In Stock,42.0,2128.02,Mid-Range,Poor
Home & Garden,3143.0,4.05,Out of Stock,9.0,2860.13,Mid-Range,Excellent
Home & Garden,1337.0,3.03,Out of Stock,29.0,949.27,Budget,Good
Home & Garden,8028.0,3.05,In Stock,28.0,5780.16,Luxury,Good
Home & Garden,4962.0,1.8,Out of Stock,3.0,4813.14,Mid-Range,Poor
Home & Garden,9267.0,3.05,In Stock,4.0,8896.32,Luxury,Good
Home & Garden,7682.0,3.05,Out of Stock,45.0,4225.1,Luxury,Good
Home & Garden,7462.0,3.35,In Stock,23.0,5745.74,Premium,Good
Home & Garden,7939.0,3.05,In Stock,45.0,4366.45,Luxury,Good
Home & Garden,1109.0,3.05,In Stock,24.0,842.84,Budget,Good
Home & Garden,6847.0,3.05,In Stock,23.0,5272.19,Premium,Good
Home & Garden,8393.0,3.05,In Stock,19.0,6798.33,Luxury,Good
Electronics,8332.0,2.32,Out of Stock,46.0,4499.28,Luxury,Average
Clothing,3463.0,2.5,In Stock,46.0,1870.02,Mid-Range,Average
Home & Garden,520.0,2.08,In Stock,6.0,488.8,Budget,Average
Home & Garden,7043.0,2.71,In Stock,28.0,5070.96,Premium,Average
Home & Garden,4739.0,3.05,Out of Stock,0.0,4739.0,Mid-Range,Good
Clothing,395.0,3.25,In Stock,40.0,237.0,Budget,Good
Home & Garden,669.0,1.9,Out of Stock,28.0,481.68,Budget,Poor
Electronics,9341.0,3.03,In Stock,19.0,7566.21,Luxury,Good
Clothing,289.0,3.25,In Stock,31.0,199.41,Budget,Good
Home & Garden,5687.0,3.05,In Stock,30.0,3980.9,Premium,Good
Electronics,6872.0,3.03,In Stock,29.0,4879.12,Premium,Good
Clothing,8766.0,3.38,In Stock,24.0,6662.16,Luxury,Good
Sports,4709.0,3.24,In Stock,17.0,3908.47,Mid-Range,Good
Home & Garden,8181.0,3.05,In Stock,30.0,5726.7,Luxury,Good
Home & Garden,1794.0,3.83,Out of Stock,43.0,1022.58,Budget,Good
Home & Garden,5032.0,2.46,In Stock,20.0,4025.6,Premium,Average
Home & Garden,3425.0,2.34,In Stock,16.0,2877.0,Mid-Range,Average
Home & Garden,4250.0,3.37,Out of Stock,24.0,3230.0,Mid-Range,Good
Sports,875.0,2.87,Out of Stock,28.0,630.0,Budget,Average
Home & Garden,1349.0,3.69,Out of Stock,35.0,876.85,Budget,Good
Home & Garden,403.0,3.84,In Stock,41.0,237.77,Budget,Good
Home & Garden,4962.0,3.05,In Stock,11.0,4416.18,Mid-Range,Good
Clothing,4310.0,3.25,Out of Stock,13.0,3749.7,Mid-Range,Good
Home & Garden,4962.0,1.14,Out of Stock,1.0,4912.38,Mid-Range,Poor
Sports,3698.0,3.24,In Stock,28.0,2662.56,Mid-Range,Good
Home & Garden,3511.0,2.45,In Stock,2.0,3440.78,Mid-Range,Average
Sports,4412.0,4.91,In Stock,41.0,2603.08,Mid-Range,Excellent
Home & Garden,5311.0,2.15,In Stock,23.0,4089.47,Premium,Average
Home & Garden,935.0,4.57,In Stock,27.0,682.55,Budget,Excellent
Clothing,653.0,1.9,Out of Stock,6.0,613.82,Budget,Poor
Home & Garden,7500.0,3.05,In Stock,27.0,5475.0,Premium,Good
Home & Garden,4364.0,3.54,Out of Stock,14.0,3753.04,Mid-Range,Good
Home & Garden,9465.0,3.05,Out of Stock,44.0,5300.4,Luxury,Good
Home & Garden,5323.0,1.08,Out of Stock,24.0,4045.48,Premium,Poor
Sports,112.0,3.24,In Stock,48.0,58.24,Budget,Good
Home & Garden,2241.0,3.05,In Stock,24.0,1703.16,Budget,Good
Clothing,8056.0,3.25,Out of Stock,25.0,6042.0,Luxury,Good
Home & Garden,9500.0,4.46,In Stock,37.0,5985.0,Luxury,Excellent
Home & Garden,4312.0,3.05,Out of Stock,11.0,3837.68,Mid-Range,Good
Home & Garden,2317.0,3.05,In Stock,14.0,1992.62,Budget,Good
Clothing,8854.0,3.25,Out of Stock,24.5,6684.77,Luxury,Good
Home & Garden,4082.0,1.77,Out of Stock,40.0,2449.2,Mid-Range,Poor
Home & Garden,7173.0,3.05,In Stock,39.0,4375.53,Premium,Good
Home & Garden,3150.0,3.05,In Stock,18.0,2583.0,Mid-Range,Good
Home & Garden,7280.0,4.51,Out of Stock,21.0,5751.2,Premium,Excellent
Home & Garden,3127.0,4.08,Out of Stock,41.0,1844.93,Mid-Range,Excellent
Home & Garden,7412.0,3.05,In Stock,28.0,5336.64,Premium,Good
Clothing,2257.0,1.91,In Stock,45.0,1241.35,Budget,Poor
Home & Garden,3947.0,3.27,In Stock,31.0,2723.43,Mid-Range,Good
Home & Garden,2753.0,3.05,Out of Stock,8.0,2532.76,Mid-Range,Good
Home & Garden,9630.0,4.95,Out of Stock,29.0,6837.3,Luxury,Excellent
Home & Garden,3269.0,2.25,In Stock,26.0,2419.06,Mid-Range,Average
Electronics,2733.0,4.15,In Stock,6.0,2569.02,Mid-Range,Excellent
Home & Garden,6069.0,3.05,Out of Stock,15.0,5158.65,Premium,Good
Electronics,6606.0,3.03,Out of Stock,26.0,4888.44,Premium,Good
Home & Garden,6499.0,3.18,Out of Stock,15.0,5524.15,Premium,Good
Home & Garden,1192.0,4.54,In Stock,27.0,870.16,Budget,Excellent
Home & Garden,861.0,4.73,In Stock,36.0,551.04,Budget,Excellent
Clothing,4382.0,2.74,In Stock,39.0,2673.02,Mid-Range,Average
Home & Garden,9971.0,3.12,In Stock,22.0,7777.38,Luxury,Good
Sports,7379.0,3.24,In Stock,34.0,4870.14,Premium,Good
Home & Garden,290.0,3.05,In Stock,20.0,232.0,Budget,Good
Home & Garden,1415.0,1.81,Out of Stock,24.0,1075.4,Budget,Poor
Clothing,2320.0,3.25,Out of Stock,38.0,1438.4,Budget,Good
Home & Garden,9027.0,1.81,In Stock,45.0,4964.85,Luxury,Poor
Home & Garden,966.0,3.38,Out of Stock,3.0,937.02,Budget,Good
Home & Garden,1602.0,3.05,In Stock,23.0,1233.54,Budget,Good
Home & Garden,6967.0,3.05,In Stock,18.0,5712.94,Premium,Good
Home & Garden,6249.0,3.31,Out of Stock,34.0,4124.34,Premium,Good
Home & Garden,3424.0,3.05,In Stock,30.0,2396.8,Mid-Range,Good
Home & Garden,5295.0,2.61,In Stock,37.0,3335.85,Premium,Average
Home & Garden,5827.0,3.05,Out of Stock,2.0,5710.46,Premium,Good
Home & Garden,6518.0,3.05,In Stock,15.0,5540.3,Premium,Good
Home & Garden,6585.0,3.05,In Stock,36.0,4214.4,Premium,Good
Home & Garden,9054.0,3.05,In Stock,24.0,6881.04,Luxury,Good
Home & Garden,2749.0,3.05,Out of Stock,30.0,1924.3,Mid-Range,Good
Electronics,3403.0,4.36,In Stock,22.0,2654.34,Mid-Range,Excellent
Home & Garden,1422.0,2.35,In Stock,27.0,1038.06,Budget,Average
Home & Garden,3464.0,2.93,In Stock,46.0,1870.56,Mid-Range,Average
Home & Garden,3221.0,3.05,In Stock,1.0,3188.79,Mid-Range,Good
Home & Garden,2151.0,3.24,In Stock,2.0,2107.98,Budget,Good
Home & Garden,4962.0,4.72,Out of Stock,24.0,3771.12,Mid-Range,Excellent
Home & Garden,7211.0,2.15,In Stock,7.0,6706.23,Premium,Average
Home & Garden,4957.0,4.34,Out of Stock,24.0,3767.32,Mid-Range,Excellent
Home & Garden,7309.0,3.05,In Stock,8.0,6724.28,Premium,Good
Electronics,1814.0,3.03,In Stock,32.0,1233.52,Budget,Good
Home & Garden,8745.0,3.05,In Stock,6.0,8220.3,Luxury,Good
Home & Garden,9500.0,1.09,In Stock,30.0,6650.0,Luxury,Poor
Electronics,3513.0,3.03,In Stock,47.0,1861.89,Mid-Range,Good
Home & Garden,8914.0,1.2,In Stock,3.0,8646.58,Luxury,Poor
Home & Garden,2064.0,3.95,In Stock,20.0,1651.2,Budget,Good
Home & Garden,1177.0,2.8,In Stock,4.0,1129.92,Budget,Average
Clothing,5449.0,3.25,In Stock,29.0,3868.79,Premium,Good
Home & Garden,563.0,3.05,In Stock,9.0,512.33,Budget,Good
Sports,2442.0,3.24,In Stock,2.0,2393.16,Budget,Good
Home & Garden,4962.0,3.05,In Stock,43.0,2828.34,Mid-Range,Good
Clothing,166.0,4.17,Out of Stock,1.0,164.34,Budget,Excellent
Home & Garden,3991.0,3.05,In Stock,15.0,3392.35,Mid-Range,Good
Electronics,9133.0,2.3,In Stock,27.0,6667.09,Luxury,Average
Home & Garden,3367.0,3.12,Out of Stock,27.0,2457.91,Mid-Range,Good
Home & Garden,7489.0,3.05,Out of Stock,36.0,4792.96,Premium,Good
Home & Garden,849.0,3.05,In Stock,4.0,815.04,Budget,Good
Home & Garden,7952.0,3.05,In Stock,16.0,6679.68,Luxury,Good
Home & Garden,3089.0,3.32,In Stock,30.0,2162.3,Mid-Range,Good
Home & Garden,5172.0,2.16,In Stock,20.0,4137.6,Premium,Average
Home & Garden,608.0,3.89,In Stock,24.0,462.08,Budget,Good
Home & Garden,3868.0,3.05,In Stock,17.0,3210.44,Mid-Range,Good
Sports,7118.0,2.46,Out of Stock,43.0,4057.26,Premium,Average
Home & Garden,5413.0,3.05,In Stock,10.0,4871.7,Premium,Good
Electronics,4951.0,4.88,Out of Stock,23.0,3812.27,Mid-Range,Excellent
Home & Garden,1414.0,3.05,In Stock,30.0,989.8,Budget,Good
Home & Garden,3304.0,3.05,Out of Stock,24.0,2511.04,Mid-Range,Good
Home & Garden,8716.0,1.42,In Stock,29.0,6188.36,Luxury,Poor
Clothing,2815.0,1.27,In Stock,1.0,2786.85,Mid-Range,Poor
Clothing,6290.0,4.4,Out of Stock,34.0,4151.4,Premium,Excellent
Sports,6426.0,3.24,Out of Stock,1.0,6361.74,Premium,Good
Home & Garden,2144.0,3.05,Out of Stock,38.0,1329.28,Budget,Good
Electronics,9093.0,4.32,In Stock,9.0,8274.63,Luxury,Excellent
Home & Garden,3633.0,4.31,Out of Stock,46.0,1961.82,Mid-Range,Excellent
Clothing,5297.0,3.25,In Stock,48.0,2754.44,Premium,Good
Home & Garden,3272.0,2.74,In Stock,24.0,2486.72,Mid-Range,Average
Home & Garden,8032.0,3.72,Out of Stock,32.0,5461.76,Luxury,Good
Home & Garden,6383.0,3.05,In Stock,1.0,6319.17,Premium,Good
Home & Garden,7024.0,3.05,Out of Stock,30.0,4916.8,Premium,Good
Home & Garden,719.0,4.59,In Stock,5.0,683.05,Budget,Excellent
Electronics,4290.0,3.03,In Stock,21.0,3389.1,Mid-Range,Good
Home & Garden,7949.0,3.05,In Stock,31.0,5484.81,Luxury,Good
Home & Garden,1778.0,3.05,Out of Stock,24.0,1351.28,Budget,Good
Home & Garden,8871.0,3.25,Out of Stock,37.0,5588.73,Luxury,Good
Home & Garden,3856.0,3.05,In Stock,23.0,2969.12,Mid-Range,Good
Home & Garden,4442.0,3.38,Out of Stock,47.0,2354.26,Mid-Range,Good
Home & Garden,3748.0,3.19,In Stock,24.0,2848.48,Mid-Range,Good
Home & Garden,233.0,3.05,In Stock,28.0,167.76,Budget,Good
Clothing,373.0,2.26,In Stock,0.0,373.0,Budget,Average
Home & Garden,9605.0,3.89,In Stock,43.0,5474.85,Luxury,Good
Electronics,5974.0,3.03,In Stock,48.0,3106.48,Premium,Good
Home & Garden,4962.0,1.1,Out of Stock,18.0,4068.84,Mid-Range,Poor
Home & Garden,6037.0,4.04,In Stock,35.0,3924.05,Premium,Excellent
Home & Garden,3734.0,4.01,In Stock,9.0,3397.94,Mid-Range,Excellent
Home & Garden,4697.0,2.64,Out of Stock,49.0,2395.47,Mid-Range,Average
Home & Garden,7565.0,3.05,In Stock,18.0,6203.3,Luxury,Good
Home & Garden,3424.0,4.17,In Stock,42.0,1985.92,Mid-Range,Excellent
Clothing,9809.0,3.25,In Stock,25.0,7356.75,Luxury,Good
Home & Garden,2973.0,3.05,In Stock,5.0,2824.35,Mid-Range,Good
Home & Garden,364.0,3.05,In Stock,5.0,345.8,Budget,Good
Home & Garden,1729.0,3.05,In Stock,3.0,1677.13,Budget,Good
Electronics,3763.0,4.54,Out of Stock,13.0,3273.81,Mid-Range,Excellent
Home & Garden,5276.0,2.47,Out of Stock,48.0,2743.52,Premium,Average
Home & Garden,1563.0,3.56,In Stock,42.0,906.54,Budget,Good
Home & Garden,5589.0,2.99,In Stock,20.0,4471.2,Premium,Average
Home & Garden,171.0,3.05,Out of Stock,30.0,119.7,Budget,Good
Home & Garden,5345.0,3.27,Out of Stock,32.0,3634.6,Premium,Good
Home & Garden,4537.0,3.91,In Stock,1.0,4491.63,Mid-Range,Good
Home & Garden,8642.0,3.05,Out of Stock,2.0,8469.16,Luxury,Good
Electronics,5374.0,3.03,In Stock,29.0,3815.54,Premium,Good
Home & Garden,6550.0,3.48,In Stock,16.0,5502.0,Premium,Good
Home & Garden,2167.0,4.54,Out of Stock,34.0,1430.22,Budget,Excellent
Home & Garden,588.0,4.3,Out of Stock,36.0,376.32,Budget,Excellent
Sports,1230.0,3.24,In Stock,27.0,897.9,Budget,Good
Home & Garden,4962.0,3.33,Out of Stock,20.0,3969.6,Mid-Range,Good
Sports,9254.0,3.95,Out of Stock,6.0,8698.76,Luxury,Good
Sports,6858.0,1.35,In Stock,39.0,4183.38,Premium,Poor
Electronics,3275.0,4.22,In Stock,44.0,1834.0,Mid-Range,Excellent
Electronics,7967.0,2.69,In Stock,48.0,4142.84,Luxury,Average
Home & Garden,3513.0,3.05,In Stock,26.0,2599.62,Mid-Range,Good
Clothing,2242.0,3.25,In Stock,27.0,1636.66,Budget,Good
Clothing,9381.0,3.25,Out of Stock,7.0,8724.33,Luxury,Good
Home & Garden,769.0,3.05,In Stock,35.0,499.85,Budget,Good
Electronics,153.0,4.51,In Stock,8.0,140.76,Budget,Excellent
Electronics,3947.0,1.33,In Stock,38.0,2447.14,Mid-Range,Poor
Home & Garden,805.0,3.05,Out of Stock,29.0,571.55,Budget,Good
Home & Garden,3387.0,4.13,In Stock,44.0,1896.72,Mid-Range,Excellent
Home & Garden,7499.0,3.52,In Stock,41.0,4424.41,Premium,Good
Home & Garden,1549.0,4.92,Out of Stock,49.0,789.99,Budget,Excellent
Electronics,5832.0,3.03,Out of Stock,26.0,4315.68,Premium,Good
Home & Garden,6118.0,3.64,Out of Stock,45.0,3364.9,Premium,Good
Home & Garden,8208.0,3.05,Out of Stock,24.0,6238.08,Luxury,Good
Home & Garden,7806.0,3.18,In Stock,46.0,4215.24,Luxury,Good
Home & Garden,5377.0,3.05,In Stock,37.0,3387.51,Premium,Good
Home & Garden,3830.0,4.96,In Stock,18.0,3140.6,Mid-Range,Excellent
Sports,5031.0,2.26,Out of Stock,14.0,4326.66,Premium,Average
Sports,2538.0,3.35,In Stock,30.0,1776.6,Mid-Range,Good
Electronics,2047.0,3.03,In Stock,37.0,1289.61,Budget,Good
Home & Garden,3325.0,3.05,In Stock,41.0,1961.75,Mid-Range,Good
Home & Garden,4962.0,2.2,In Stock,31.0,3423.78,Mid-Range,Average
Home & Garden,4604.0,3.05,In Stock,24.0,3499.04,Mid-Range,Good
Electronics,4124.0,3.03,In Stock,15.0,3505.4,Mid-Range,Good
Sports,8094.0,1.33,In Stock,22.0,6313.32,Luxury,Poor
Home & Garden,3492.0,3.05,In Stock,32.0,2374.56,Mid-Range,Good
Home & Garden,8083.0,2.39,In Stock,46.0,4364.82,Luxury,Average
Home & Garden,3668.0,3.05,Out of Stock,20.0,2934.4,Mid-Range,Good
Electronics,5440.0,3.03,In Stock,25.0,4080.0,Premium,Good
Electronics,1516.0,3.07,Out of Stock,26.0,1121.84,Budget,Good
Home & Garden,7292.0,1.96,Out of Stock,38.0,4521.04,Premium,Poor
Home & Garden,7893.0,4.35,In Stock,4.0,7577.28,Luxury,Excellent
Home & Garden,4899.0,3.05,Out of Stock,2.0,4801.02,Mid-Range,Good
Home & Garden,4610.0,3.05,In Stock,16.0,3872.4,Mid-Range,Good
Home & Garden,6583.0,3.05,Out of Stock,19.0,5332.23,Premium,Good
Home & Garden,2697.0,3.05,Out of Stock,6.0,2535.18,Mid-Range,Good
Clothing,1230.0,3.25,In Stock,45.0,676.5,Budget,Good
Home & Garden,8440.0,3.05,Out of Stock,48.0,4388.8,Luxury,Good
Electronics,6458.0,3.03,In Stock,11.0,5747.62,Premium,Good
Home & Garden,131.0,1.51,Out of Stock,34.0,86.46,Budget,Poor
Home & Garden,6890.0,1.1,In Stock,32.0,4685.2,Premium,Poor
Home & Garden,9386.0,3.05,In Stock,27.0,6851.78,Luxury,Good
Sports,1659.0,3.43,In Stock,26.0,1227.66,Budget,Good
Home & Garden,4235.0,3.05,Out of Stock,8.0,3896.2,Mid-Range,Good
Home & Garden,3511.0,3.05,In Stock,39.0,2141.71,Mid-Range,Good
Clothing,9217.0,3.25,In Stock,24.5,6958.84,Luxury,Good
Electronics,786.0,4.45,Out of Stock,3.0,762.42,Budget,Excellent
Sports,583.0,3.24,In Stock,18.0,478.06,Budget,Good
Home & Garden,6559.0,3.38,Out of Stock,21.0,5181.61,Premium,Good
Home & Garden,1484.0,1.05,In Stock,24.0,1127.84,Budget,Poor
Home & Garden,531.0,3.05,In Stock,6.0,499.14,Budget,Good
Home & Garden,9994.0,3.05,In Stock,4.0,9594.24,Luxury,Good
Home & Garden,4962.0,3.05,Out of Stock,35.0,3225.3,Mid-Range,Good
Home & Garden,4555.0,3.05,In Stock,47.0,2414.15,Mid-Range,Good
Home & Garden,5448.0,2.5,In Stock,24.0,4140.48,Premium,Average
Home & Garden,698.0,1.0,In Stock,39.0,425.78,Budget,Poor
Home & Garden,7319.0,4.69,In Stock,2.0,7172.62,Premium,Excellent
Electronics,1883.0,3.46,Out of Stock,3.0,1826.51,Budget,Good
Home & Garden,9325.0,3.91,In Stock,19.0,7553.25,Luxury,Good
Home & Garden,2922.0,3.05,In Stock,27.0,2133.06,Mid-Range,Good
Home & Garden,9054.0,3.05,Out of Stock,28.0,6518.88,Luxury,Good
Home & Garden,1088.0,3.05,In Stock,27.0,794.24,Budget,Good
Home & Garden,1407.0,3.05,Out of Stock,7.0,1308.51,Budget,Good
Home & Garden,4784.0,1.52,In Stock,48.0,2487.68,Mid-Range,Poor
Home & Garden,4739.0,4.71,In Stock,44.0,2653.84,Mid-Range,Excellent
Sports,9313.0,2.96,In Stock,34.0,6146.58,Luxury,Average
Home & Garden,1305.0,3.05,In Stock,34.0,861.3,Budget,Good
Home & Garden,4962.0,3.05,In Stock,15.0,4217.7,Mid-Range,Good
Home & Garden,965.0,1.2,In Stock,28.0,694.8,Budget,Poor
Home & Garden,9858.0,3.05,In Stock,4.0,9463.68,Luxury,Good
Electronics,1988.0,3.03,In Stock,26.0,1471.12,Budget,Good
Home & Garden,6519.0,3.05,In Stock,20.0,5215.2,Premium,Good
Clothing,5499.0,3.0,In Stock,36.0,3519.36,Premium,Average
Clothing,4466.0,2.6,In Stock,17.0,3706.78,Mid-Range,Average
Electronics,8361.0,3.03,In Stock,26.0,6187.14,Luxury,Good
Home & Garden,4375.0,2.85,In Stock,28.0,3150.0,Mid-Range,Average
Home & Garden,8397.0,3.05,In Stock,49.0,4282.47,Luxury,Good
Home & Garden,1574.0,3.05,Out of Stock,13.0,1369.38,Budget,Good
Home & Garden,5779.0,1.04,In Stock,30.0,4045.3,Premium,Poor
Home & Garden,3980.0,2.7,In Stock,6.0,3741.2,Mid-Range,Average
Home & Garden,6600.0,3.05,In Stock,27.0,4818.0,Premium,Good
Home & Garden,3292.0,3.05,In Stock,45.0,1810.6,Mid-Range,Good
Home & Garden,9365.0,3.05,In Stock,10.0,8428.5,Luxury,Good
Sports,6906.0,2.13,In Stock,7.0,6422.58,Premium,Average
Home & Garden,3582.0,4.28,Out of Stock,22.0,2793.96,Mid-Range,Excellent
Electronics,801.0,1.46,In Stock,36.0,512.64,Budget,Poor
Home & Garden,8853.0,3.05,In Stock,41.0,5223.27,Luxury,Good
Home & Garden,7370.0,3.05,In Stock,21.0,5822.3,Premium,Good
Home & Garden,1751.0,1.22,In Stock,34.0,1155.66,Budget,Poor
Home & Garden,1125.0,2.85,In Stock,40.0,675.0,Budget,Average
Sports,4879.0,3.24,In Stock,26.0,3610.46,Mid-Range,Good
Home & Garden,3533.0,3.05,In Stock,30.0,2473.1,Mid-Range,Good
Sports,4078.0,3.24,In Stock,23.0,3140.06,Mid-Range,Good
Home & Garden,5176.0,4.09,Out of Stock,40.0,3105.6,Premium,Excellent
Home & Garden,594.0,4.61,In Stock,41.0,350.46,Budget,Excellent
Home & Garden,8748.0,3.05,In Stock,45.0,4811.4,Luxury,Good
Home & Garden,9696.0,4.37,In Stock,7.0,9017.28,Luxury,Excellent
Clothing,2281.0,3.94,Out of Stock,40.0,1368.6,Budget,Good
Home & Garden,7626.0,3.05,Out of Stock,24.0,5795.76,Luxury,Good
Home & Garden,9615.0,2.85,In Stock,41.0,5672.85,Luxury,Average
Home & Garden,1632.0,3.05,Out of Stock,39.0,995.52,Budget,Good
Home & Garden,2994.0,2.6,Out of Stock,15.0,2544.9,Mid-Range,Average
Home & Garden,7912.0,3.62,Out of Stock,24.0,6013.12,Luxury,Good
Home & Garden,501.0,3.05,Out of Stock,27.0,365.73,Budget,Good
Home & Garden,8055.0,2.69,In Stock,47.0,4269.15,Luxury,Average
Home & Garden,1548.0,3.05,In Stock,30.0,1083.6,Budget,Good
Home & Garden,1832.0,3.05,In Stock,21.0,1447.28,Budget,Good
Sports,7705.0,3.24,Out of Stock,10.0,6934.5,Luxury,Good
Home & Garden,4962.0,2.89,In Stock,34.0,3274.92,Mid-Range,Average
Home & Garden,5136.0,3.34,In Stock,21.0,4057.44,Premium,Good
Sports,7587.0,2.85,In Stock,33.0,5083.29,Luxury,Average
Home & Garden,4962.0,3.05,In Stock,37.0,3126.06,Mid-Range,Good
Sports,1666.0,1.23,Out of Stock,22.0,1299.48,Budget,Poor
Sports,8140.0,2.24,In Stock,31.0,5616.6,Luxury,Average
Home & Garden,7350.0,1.24,In Stock,24.0,5586.0,Premium,Poor
Home & Garden,9997.0,3.68,Out of Stock,44.0,5598.32,Luxury,Good
Home & Garden,1606.0,3.05,In Stock,35.0,1043.9,Budget,Good
Home & Garden,7582.0,2.3,Out of Stock,34.0,5004.12,Luxury,Average
Clothing,6219.0,3.25,Out of Stock,3.0,6032.43,Premium,Good
Home & Garden,9824.0,3.05,Out of Stock,12.0,8645.12,Luxury,Good
Electronics,5925.0,3.38,In Stock,43.0,3377.25,Premium,Good
Sports,3479.0,1.8,In Stock,39.0,2122.19,Mid-Range,Poor
Clothing,4517.0,2.22,In Stock,43.0,2574.69,Mid-Range,Average
Home & Garden,4032.0,3.05,In Stock,9.0,3669.12,Mid-Range,Good
Home & Garden,7509.0,1.81,In Stock,2.0,7358.82,Luxury,Poor
Clothing,1160.0,3.36,Out of Stock,33.0,777.2,Budget,Good
Home & Garden,3939.0,3.05,In Stock,19.0,3190.59,Mid-Range,Good
Home & Garden,6090.0,3.05,In Stock,20.0,4872.0,Premium,Good
Home & Garden,284.0,4.85,In Stock,33.0,190.28,Budget,Excellent
Home & Garden,3679.0,2.01,In Stock,24.0,2796.04,Mid-Range,Average
Home & Garden,8540.0,2.37,In Stock,34.0,5636.4,Luxury,Average
Home & Garden,9200.0,2.98,In Stock,36.0,5888.0,Luxury,Average
Clothing,3858.0,3.25,In Stock,5.0,3665.1,Mid-Range,Good
Home & Garden,7421.0,3.05,Out of Stock,24.0,5639.96,Premium,Good
Home & Garden,4355.0,1.41,Out of Stock,28.0,3135.6,Mid-Range,Poor
Home & Garden,4264.0,1.6,Out of Stock,2.0,4178.72,Mid-Range,Poor
Home & Garden,2461.0,3.05,Out of Stock,30.0,1722.7,Budget,Good
Home & Garden,4962.0,4.05,In Stock,32.0,3374.16,Mid-Range,Excellent
Home & Garden,8355.0,3.05,In Stock,33.0,5597.85,Luxury,Good
Home & Garden,442.0,4.04,In Stock,4.0,424.32,Budget,Excellent
Home & Garden,1541.0,3.05,In Stock,4.0,1479.36,Budget,Good
Sports,1991.0,3.24,In Stock,48.0,1035.32,Budget,Good
Home & Garden,8502.0,3.05,Out of Stock,1.0,8416.98,Luxury,Good
Sports,4755.0,1.51,Out of Stock,26.0,3518.7,Mid-Range,Poor
Home & Garden,9515.0,3.05,Out of Stock,20.0,7612.0,Luxury,Good
Clothing,6835.0,3.98,In Stock,24.0,5194.6,Premium,Good
Home & Garden,5455.0,2.11,In Stock,15.0,4636.75,Premium,Average
Home & Garden,9713.0,3.05,Out of Stock,7.0,9033.09,Luxury,Good
Sports,119.0,4.18,In Stock,0.0,119.0,Budget,Excellent
Home & Garden,6973.0,2.08,In Stock,39.0,4253.53,Premium,Average
Electronics,4745.0,3.03,Out of Stock,42.0,2752.1,Mid-Range,Good
Sports,8350.0,3.24,In Stock,36.0,5344.0,Luxury,Good
Clothing,4680.0,3.6,In Stock,10.0,4212.0,Mid-Range,Good
Clothing,6956.0,3.25,In Stock,9.0,6329.96,Premium,Good
Home & Garden,243.0,2.18,In Stock,6.0,228.42,Budget,Average
Home & Garden,1455.0,3.05,Out of Stock,9.0,1324.05,Budget,Good
Home & Garden,6920.0,3.5,In Stock,21.0,5466.8,Premium,Good
Home & Garden,6383.0,1.71,Out of Stock,17.0,5297.89,Premium,Poor
Home & Garden,8544.0,3.05,In Stock,24.0,6493.44,Luxury,Good
Clothing,9588.0,3.25,In Stock,26.0,7095.12,Luxury,Good
Sports,9870.0,4.81,In Stock,16.0,8290.8,Luxury,Excellent
Home & Garden,6077.0,4.11,In Stock,36.0,3889.28,Premium,Excellent
Sports,7204.0,3.24,Out of Stock,47.0,3818.12,Premium,Good
Home & Garden,4540.0,3.05,Out of Stock,43.0,2587.8,Mid-Range,Good
Home & Garden,9512.0,1.58,In Stock,1.0,9416.88,Luxury,Poor
Clothing,1269.0,3.25,In Stock,48.0,659.88,Budget,Good
Home & Garden,7228.0,3.05,Out of Stock,13.0,6288.36,Premium,Good
Home & Garden,8189.0,3.41,In Stock,45.0,4503.95,Luxury,Good
Home & Garden,8956.0,3.05,Out of Stock,28.0,6448.32,Luxury,Good
Home & Garden,1358.0,3.05,Out of Stock,47.0,719.74,Budget,Good
Home & Garden,1726.0,1.64,Out of Stock,13.0,1501.62,Budget,Poor
Home & Garden,7272.0,2.7,Out of Stock,37.0,4581.36,Premium,Average
Home & Garden,1551.0,3.18,Out of Stock,24.0,1178.76,Budget,Good
Clothing,8761.0,1.17,Out of Stock,10.0,7884.9,Luxury,Poor
Home & Garden,3360.0,3.34,Out of Stock,25.0,2520.0,Mid-Range,Good
Clothing,6369.0,1.63,In Stock,45.0,3502.95,Premium,Poor
Home & Garden,1086.0,3.03,Out of Stock,12.0,955.68,Budget,Good
Sports,5410.0,2.51,In Stock,44.0,3029.6,Premium,Average
Clothing,9435.0,3.25,Out of Stock,28.0,6793.2,Luxury,Good
Home & Garden,1383.0,3.05,Out of Stock,33.0,926.61,Budget,Good
Electronics,7850.0,4.09,In Stock,44.0,4396.0,Luxury,Excellent
Home & Garden,6458.0,4.37,Out of Stock,42.0,3745.64,Premium,Excellent
Home & Garden,2482.0,3.05,In Stock,27.0,1811.86,Budget,Good
Home & Garden,7610.0,3.45,Out of Stock,18.0,6240.2,Luxury,Good
Home & Garden,4631.0,3.05,In Stock,27.0,3380.63,Mid-Range,Good
Home & Garden,4182.0,3.6,In Stock,17.0,3471.06,Mid-Range,Good
Home & Garden,4609.0,2.21,In Stock,37.0,2903.67,Mid-Range,Average
Home & Garden,6278.0,1.93,In Stock,39.0,3829.58,Premium,Poor
Home & Garden,3840.0,4.58,Out of Stock,24.0,2918.4,Mid-Range,Excellent
Home & Garden,781.0,3.99,In Stock,14.0,671.66,Budget,Good
Clothing,3641.0,3.72,In Stock,31.0,2512.29,Mid-Range,Good
Home & Garden,6500.0,3.78,In Stock,10.0,5850.0,Premium,Good
Clothing,6014.0,2.74,In Stock,7.0,5593.02,Premium,Average
Home & Garden,428.0,3.64,In Stock,12.0,376.64,Budget,Good
Home & Garden,8425.0,2.91,In Stock,9.0,7666.75,Luxury,Average
Home & Garden,5710.0,1.58,In Stock,49.0,2912.1,Premium,Poor
Home & Garden,8988.0,3.05,Out of Stock,13.0,7819.56,Luxury,Good
Home & Garden,8534.0,3.05,In Stock,15.0,7253.9,Luxury,Good
Home & Garden,6998.0,2.15,In Stock,25.0,5248.5,Premium,Average
Home & Garden,232.0,3.05,In Stock,28.0,167.04,Budget,Good
Sports,2753.0,3.78,In Stock,14.0,2367.58,Mid-Range,Good
Home & Garden,3214.0,1.01,In Stock,42.0,1864.12,Mid-Range,Poor
Sports,1818.0,3.24,Out of Stock,23.0,1399.86,Budget,Good
Home & Garden,5687.0,4.22,In Stock,47.0,3014.11,Premium,Excellent
Home & Garden,7454.0,3.05,In Stock,35.0,4845.1,Premium,Good
Home & Garden,3212.0,1.09,In Stock,0.0,3212.0,Mid-Range,Poor
Electronics,4124.0,3.03,Out of Stock,9.0,3752.84,Mid-Range,Good
Clothing,5082.0,3.88,In Stock,38.0,3150.84,Premium,Good
Home & Garden,2245.0,1.58,In Stock,24.0,1706.2,Budget,Poor
Home & Garden,4911.0,3.62,In Stock,33.0,3290.37,Mid-Range,Good
Home & Garden,3148.0,3.05,In Stock,21.0,2486.92,Mid-Range,Good
Home & Garden,8462.0,4.56,In Stock,3.0,8208.14,Luxury,Excellent
Clothing,5694.0,4.79,Out of Stock,47.0,3017.82,Premium,Excellent
Home & Garden,2773.0,1.46,Out of Stock,24.0,2107.48,Mid-Range,Poor
Sports,1392.0,3.24,In Stock,19.0,1127.52,Budget,Good
Home & Garden,4962.0,3.05,Out of Stock,26.0,3671.88,Mid-Range,Good
Home & Garden,3555.0,3.05,In Stock,24.0,2701.8,Mid-Range,Good
Home & Garden,1567.0,3.05,In Stock,18.0,1284.94,Budget,Good
Home & Garden,5245.0,3.05,In Stock,22.0,4091.1,Premium,Good
Home & Garden,6972.0,4.14,In Stock,14.0,5995.92,Premium,Excellent
Home & Garden,4001.0,3.05,Out of Stock,21.0,3160.79,Mid-Range,Good
Home & Garden,4087.0,3.05,In Stock,4.0,3923.52,Mid-Range,Good
Home & Garden,6382.0,3.05,In Stock,24.0,4850.32,Premium,Good
Home & Garden,8198.0,2.68,In Stock,0.0,8198.0,Luxury,Average
Home & Garden,4962.0,3.05,Out of Stock,5.0,4713.9,Mid-Range,Good
Home & Garden,1864.0,3.05,Out of Stock,38.0,1155.68,Budget,Good
Home & Garden,3961.0,3.32,Out of Stock,17.0,3287.63,Mid-Range,Good
Home & Garden,4316.0,3.05,In Stock,26.0,3193.84,Mid-Range,Good
Home & Garden,7081.0,2.4,In Stock,14.0,6089.66,Premium,Average
Home & Garden,9215.0,3.2,Out of Stock,8.0,8477.8,Luxury,Good
Home & Garden,5398.0,3.05,In Stock,29.0,3832.58,Premium,Good
Home & Garden,1976.0,3.78,In Stock,10.0,1778.4,Budget,Good
Sports,2408.0,3.03,Out of Stock,23.0,1854.16,Budget,Good
Sports,5256.0,3.24,Out of Stock,27.0,3836.88,Premium,Good
Home & Garden,4962.0,3.05,Out of Stock,45.0,2729.1,Mid-Range,Good
Electronics,401.0,3.03,In Stock,17.0,332.83,Budget,Good
Home & Garden,9240.0,3.05,In Stock,24.0,7022.4,Luxury,Good
Home & Garden,1802.0,3.05,In Stock,42.0,1045.16,Budget,Good
Home & Garden,8910.0,4.21,Out of Stock,40.0,5346.0,Luxury,Excellent
Clothing,9164.0,4.53,In Stock,2.0,8980.72,Luxury,Excellent
Home & Garden,2162.0,2.27,In Stock,38.0,1340.44,Budget,Average
Clothing,2001.0,3.25,In Stock,25.0,1500.75,Budget,Good
Sports,552.0,3.7,In Stock,14.0,474.72,Budget,Good
Home & Garden,2412.0,2.12,Out of Stock,24.0,1833.12,Budget,Average
Home & Garden,6894.0,3.65,In Stock,12.0,6066.72,Premium,Good
Clothing,3408.0,3.25,Out of Stock,34.0,2249.28,Mid-Range,Good
Home & Garden,8331.0,1.37,In Stock,8.0,7664.52,Luxury,Poor
Home & Garden,5587.0,2.37,In Stock,7.0,5195.91,Premium,Average
Electronics,5662.0,4.04,Out of Stock,26.0,4189.88,Premium,Excellent
Home & Garden,3851.0,2.35,In Stock,16.0,3234.84,Mid-Range,Average
Home & Garden,7642.0,3.05,In Stock,0.0,7642.0,Luxury,Good
Sports,4973.0,4.29,In Stock,26.0,3680.02,Mid-Range,Excellent
Electronics,1285.0,3.32,In Stock,43.0,732.45,Budget,Good
Home & Garden,3829.0,3.05,In Stock,25.0,2871.75,Mid-Range,Good
Home & Garden,3426.0,2.93,In Stock,0.0,3426.0,Mid-Range,Average
Home & Garden,3606.0,3.05,Out of Stock,24.0,2740.56,Mid-Range,Good
Home & Garden,5359.0,4.36,In Stock,42.0,3108.22,Premium,Excellent
Home & Garden,4962.0,3.18,Out of Stock,12.0,4366.56,Mid-Range,Good
Home & Garden,2792.0,3.05,Out of Stock,13.0,2429.04,Mid-Range,Good
Home & Garden,7344.0,3.99,In Stock,39.0,4479.84,Premium,Good
Home & Garden,3638.0,3.05,In Stock,24.0,2764.88,Mid-Range,Good
Sports,1487.0,3.24,In Stock,11.0,1323.43,Budget,Good
Clothing,6581.0,3.25,In Stock,11.0,5857.09,Premium,Good
Home & Garden,2516.0,3.05,In Stock,9.0,2289.56,Mid-Range,Good
Sports,6665.0,3.24,In Stock,24.0,5065.4,Premium,Good
Home & Garden,9620.0,3.05,In Stock,2.0,9427.6,Luxury,Good
Home & Garden,580.0,3.05,In Stock,38.0,359.6,Budget,Good
Home & Garden,1838.0,3.24,Out of Stock,48.0,955.76,Budget,Good
Sports,1062.0,3.24,In Stock,40.0,637.2,Budget,Good
Home & Garden,7524.0,3.05,Out of Stock,13.0,6545.88,Luxury,Good
Clothing,2743.0,3.25,Out of Stock,6.0,2578.42,Mid-Range,Good
Home & Garden,8570.0,1.93,In Stock,33.0,5741.9,Luxury,Poor
Home & Garden,4883.0,3.05,In Stock,9.0,4443.53,Mid-Range,Good
Electronics,3539.0,3.03,In Stock,41.0,2088.01,Mid-Range,Good
Home & Garden,1409.0,3.05,In Stock,13.0,1225.83,Budget,Good
Home & Garden,9160.0,1.59,In Stock,32.0,6228.8,Luxury,Poor
Home & Garden,3238.0,3.05,In Stock,24.0,2460.88,Mid-Range,Good
Clothing,9041.0,4.72,Out of Stock,42.0,5243.78,Luxury,Excellent
Home & Garden,1315.0,2.19,Out of Stock,7.0,1222.95,Budget,Average
Home & Garden,4360.0,1.36,Out of Stock,28.0,3139.2,Mid-Range,Poor
Home & Garden,165.0,2.38,Out of Stock,24.0,125.4,Budget,Average
Clothing,7475.0,1.39,Out of Stock,44.0,4186.0,Premium,Poor
Home & Garden,7392.0,2.6,In Stock,40.0,4435.2,Premium,Average
Home & Garden,4467.0,4.6,In Stock,48.0,2322.84,Mid-Range,Excellent
Home & Garden,377.0,3.05,In Stock,27.0,275.21,Budget,Good
Clothing,2134.0,3.12,Out of Stock,0.0,2134.0,Budget,Good
Home & Garden,6150.0,2.21,In Stock,3.0,5965.5,Premium,Average
Home & Garden,5380.0,1.43,In Stock,10.0,4842.0,Premium,Poor
Home & Garden,5532.0,2.81,In Stock,33.0,3706.44,Premium,Average
Home & Garden,7953.0,2.73,Out of Stock,49.0,4056.03,Luxury,Average
Home & Garden,9044.0,3.05,In Stock,42.0,5245.52,Luxury,Good
Home & Garden,455.0,3.8,In Stock,21.0,359.45,Budget,Good
Electronics,6696.0,4.01,In Stock,5.0,6361.2,Premium,Excellent
Home & Garden,5120.0,3.65,In Stock,5.0,4864.0,Premium,Good
Home & Garden,3587.0,4.54,In Stock,9.0,3264.17,Mid-Range,Excellent
Home & Garden,7622.0,3.05,In Stock,45.0,4192.1,Luxury,Good
Home & Garden,1044.0,3.05,In Stock,49.0,532.44,Budget,Good
Home & Garden,7669.0,2.96,Out of Stock,30.0,5368.3,Luxury,Average
Electronics,4253.0,4.8,In Stock,20.0,3402.4,Mid-Range,Excellent
Electronics,8208.0,2.06,Out of Stock,26.0,6073.92,Luxury,Average
Sports,2581.0,3.24,In Stock,34.0,1703.46,Mid-Range,Good
Home & Garden,5096.0,3.26,Out of Stock,36.0,3261.44,Premium,Good
Home & Garden,3339.0,4.37,Out of Stock,9.0,3038.49,Mid-Range,Excellent
Home & Garden,2733.0,1.19,In Stock,5.0,2596.35,Mid-Range,Poor
Home & Garden,6929.0,1.36,In Stock,43.0,3949.53,Premium,Poor
Home & Garden,2842.0,3.05,Out of Stock,44.0,1591.52,Mid-Range,Good
Home & Garden,2672.0,2.46,Out of Stock,43.0,1523.04,Mid-Range,Average
Home & Garden,8351.0,3.05,In Stock,23.0,6430.27,Luxury,Good
Home & Garden,3539.0,4.75,Out of Stock,11.0,3149.71,Mid-Range,Excellent
Clothing,8442.0,3.25,In Stock,1.0,8357.58,Luxury,Good
Home & Garden,7097.0,2.78,Out of Stock,49.0,3619.47,Premium,Average
Home & Garden,2954.0,3.05,In Stock,1.0,2924.46,Mid-Range,Good
Home & Garden,582.0,4.43,Out of Stock,34.0,384.12,Budget,Excellent
Home & Garden,6985.0,2.37,Out of Stock,5.0,6635.75,Premium,Average
Sports,3496.0,3.37,In Stock,23.0,2691.92,Mid-Range,Good
Home & Garden,9728.0,3.05,Out of Stock,40.0,5836.8,Luxury,Good
Home & Garden,9636.0,3.05,In Stock,30.0,6745.2,Luxury,Good
Home & Garden,2025.0,1.69,In Stock,1.0,2004.75,Budget,Poor
Home & Garden,6339.0,4.25,Out of Stock,19.0,5134.59,Premium,Excellent
Home & Garden,8158.0,1.67,In Stock,9.0,7423.78,Luxury,Poor
Home & Garden,4962.0,1.18,Out of Stock,49.0,2530.62,Mid-Range,Poor
Home & Garden,7734.0,4.63,Out of Stock,23.0,5955.18,Luxury,Excellent
Home & Garden,6791.0,1.92,In Stock,46.0,3667.14,Premium,Poor
Home & Garden,5205.0,3.05,In Stock,37.0,3279.15,Premium,Good
Home & Garden,6045.0,3.05,In Stock,42.0,3506.1,Premium,Good
Electronics,2156.0,3.03,Out of Stock,36.0,1379.84,Budget,Good
Home & Garden,4052.0,3.05,Out of Stock,0.0,4052.0,Mid-Range,Good
Home & Garden,472.0,2.45,Out of Stock,24.0,358.72,Budget,Average
Home & Garden,1297.0,3.05,In Stock,8.0,1193.24,Budget,Good
Home & Garden,9669.0,4.28,In Stock,8.0,8895.48,Luxury,Excellent
Home & Garden,4205.0,3.05,Out of Stock,24.0,3195.8,Mid-Range,Good
Home & Garden,1611.0,3.05,In Stock,9.0,1466.01,Budget,Good
Home & Garden,3580.0,3.58,In Stock,45.0,1969.0,Mid-Range,Good
Home & Garden,8582.0,2.9,Out of Stock,19.0,6951.42,Luxury,Average
Home & Garden,8226.0,3.05,In Stock,31.0,5675.94,Luxury,Good
Home & Garden,6212.0,1.89,In Stock,20.0,4969.6,Premium,Poor
Home & Garden,5198.0,2.2,In Stock,25.0,3898.5,Premium,Average
Home & Garden,370.0,3.65,In Stock,19.0,299.7,Budget,Good
Electronics,3710.0,3.03,In Stock,16.0,3116.4,Mid-Range,Good
Sports,5389.0,3.24,In Stock,26.0,3987.86,Premium,Good
Sports,6016.0,4.53,In Stock,46.0,3248.64,Premium,Excellent
Home & Garden,4790.0,3.05,In Stock,37.0,3017.7,Mid-Range,Good
Home & Garden,3340.0,3.05,In Stock,21.0,2638.6,Mid-Range,Good
Sports,1963.0,1.01,In Stock,8.0,1805.96,Budget,Poor
Home & Garden,2028.0,3.05,Out of Stock,38.0,1257.36,Budget,Good
Sports,9613.0,3.24,In Stock,33.0,6440.71,Luxury,Good
Home & Garden,5756.0,2.13,In Stock,35.0,3741.4,Premium,Average
Home & Garden,4456.0,1.34,Out of Stock,31.0,3074.64,Mid-Range,Poor
Home & Garden,3194.0,1.7,Out of Stock,45.0,1756.7,Mid-Range,Poor
Sports,4558.0,3.24,Out of Stock,41.0,2689.22,Mid-Range,Good
Home & Garden,8507.0,2.2,In Stock,28.0,6125.04,Luxury,Average
Home & Garden,5641.0,3.05,Out of Stock,47.0,2989.73,Premium,Good
Home & Garden,7273.0,3.05,In Stock,24.0,5527.48,Premium,Good
Clothing,9134.0,3.25,Out of Stock,23.0,7033.18,Luxury,Good
Home & Garden,4183.0,3.82,In Stock,40.0,2509.8,Mid-Range,Good
Sports,3285.0,3.57,In Stock,15.0,2792.25,Mid-Range,Good
Home & Garden,1619.0,2.8,Out of Stock,33.0,1084.73,Budget,Average
Home & Garden,7423.0,3.86,Out of Stock,28.0,5344.56,Premium,Good
Sports,7368.0,3.24,In Stock,26.0,5452.32,Premium,Good
Home & Garden,8173.0,3.05,In Stock,24.0,6211.48,Luxury,Good
Home & Garden,2646.0,3.05,In Stock,15.0,2249.1,Mid-Range,Good
Sports,761.0,3.44,In Stock,40.0,456.6,Budget,Good
Electronics,177.0,3.03,In Stock,26.0,130.98,Budget,Good
Home & Garden,7136.0,3.05,Out of Stock,12.0,6279.68,Premium,Good
Home & Garden,5608.0,1.56,Out of Stock,24.0,4262.08,Premium,Poor
Home & Garden,4045.0,2.87,In Stock,20.0,3236.0,Mid-Range,Average
Home & Garden,9027.0,3.05,Out of Stock,28.0,6499.44,Luxury,Good
Home & Garden,6895.0,3.74,Out of Stock,7.0,6412.35,Premium,Good
Home & Garden,6713.0,4.73,In Stock,13.0,5840.31,Premium,Excellent
Home & Garden,7194.0,2.0,Out of Stock,20.0,5755.2,Premium,Poor
Electronics,2204.0,3.03,In Stock,18.0,1807.28,Budget,Good
Sports,2159.0,3.81,Out of Stock,17.0,1791.97,Budget,Good
Electronics,3594.0,4.22,In Stock,3.0,3486.18,Mid-Range,Excellent
Electronics,1601.0,3.03,Out of Stock,13.0,1392.87,Budget,Good
Home & Garden,9907.0,3.05,Out of Stock,24.0,7529.32,Luxury,Good
Home & Garden,628.0,4.22,Out of Stock,36.0,401.92,Budget,Excellent
Sports,3259.0,2.39,Out of Stock,32.0,2216.12,Mid-Range,Average
Home & Garden,2013.0,3.05,In Stock,37.0,1268.19,Budget,Good
Home & Garden,6899.0,2.34,In Stock,10.0,6209.1,Premium,Average
Electronics,7037.0,3.03,In Stock,45.0,3870.35,Premium,Good
Home & Garden,3990.0,1.95,Out of Stock,23.0,3072.3,Mid-Range,Poor
Home & Garden,5993.0,1.45,In Stock,11.0,5333.77,Premium,Poor
Home & Garden,3202.0,3.05,In Stock,30.0,2241.4,Mid-Range,Good
Home & Garden,2471.0,3.05,Out of Stock,41.0,1457.89,Budget,Good
Home & Garden,6662.0,2.18,In Stock,33.0,4463.54,Premium,Average
Electronics,3057.0,4.08,In Stock,12.0,2690.16,Mid-Range,Excellent
Home & Garden,9524.0,4.15,Out of Stock,9.0,8666.84,Luxury,Excellent
Home & Garden,7061.0,1.84,In Stock,18.0,5790.02,Premium,Poor
Home & Garden,9721.0,3.84,In Stock,45.0,5346.55,Luxury,Good
Clothing,7472.0,3.58,In Stock,42.0,4333.76,Premium,Good
Home & Garden,1104.0,4.79,In Stock,6.0,1037.76,Budget,Excellent
Home & Garden,9694.0,3.05,In Stock,7.0,9015.42,Luxury,Good
Home & Garden,4059.0,3.05,Out of Stock,14.0,3490.74,Mid-Range,Good
Sports,2158.0,3.24,In Stock,44.0,1208.48,Budget,Good
Home & Garden,9575.0,4.05,In Stock,40.0,5745.0,Luxury,Excellent
Home & Garden,1882.0,1.28,Out of Stock,47.0,997.46,Budget,Poor
Electronics,782.0,1.02,In Stock,26.0,578.68,Budget,Poor
Home & Garden,6142.0,2.85,In Stock,10.0,5527.8,Premium,Average
Home & Garden,3283.0,3.33,In Stock,18.0,2692.06,Mid-Range,Good
Home & Garden,4299.0,3.05,In Stock,7.0,3998.07,Mid-Range,Good
Home & Garden,4962.0,3.05,In Stock,9.0,4515.42,Mid-Range,Good
Electronics,3134.0,3.03,Out of Stock,23.0,2413.18,Mid-Range,Good
Electronics,8204.0,3.03,In Stock,6.0,7711.76,Luxury,Good
Sports,3612.0,3.81,In Stock,26.0,2672.88,Mid-Range,Good
Home & Garden,716.0,3.05,In Stock,27.0,522.68,Budget,Good
Sports,7059.0,4.65,Out of Stock,49.0,3600.09,Premium,Excellent
Clothing,2720.0,3.25,In Stock,22.0,2121.6,Mid-Range,Good
Electronics,6758.0,3.03,Out of Stock,13.0,5879.46,Premium,Good
Home & Garden,1574.0,3.05,In Stock,22.0,1227.72,Budget,Good
Electronics,9709.0,4.77,In Stock,26.0,7184.66,Luxury,Excellent
Home & Garden,1248.0,2.51,Out of Stock,0.0,1248.0,Budget,Average
Sports,5008.0,2.04,Out of Stock,17.0,4156.64,Premium,Average
Home & Garden,8252.0,1.62,In Stock,45.0,4538.6,Luxury,Poor
Home & Garden,7164.0,4.28,In Stock,20.0,5731.2,Premium,Excellent
Home & Garden,3272.0,3.41,In Stock,21.0,2584.88,Mid-Range,Good
Home & Garden,7083.0,3.53,In Stock,33.0,4745.61,Premium,Good
Home & Garden,6897.0,1.57,In Stock,6.0,6483.18,Premium,Poor
Home & Garden,9486.0,2.03,In Stock,16.0,7968.24,Luxury,Average
Home & Garden,7198.0,3.05,In Stock,39.0,4390.78,Premium,Good
Home & Garden,4676.0,3.78,In Stock,39.0,2852.36,Mid-Range,Good
Sports,4860.0,2.03,In Stock,17.0,4033.8,Mid-Range,Average
Home & Garden,7058.0,3.05,In Stock,24.0,5364.08,Premium,Good
Electronics,1612.0,2.49,In Stock,3.0,1563.64,Budget,Average
Home & Garden,1032.0,3.05,In Stock,7.0,959.76,Budget,Good
Clothing,4618.0,2.01,Out of Stock,12.0,4063.84,Mid-Range,Average
Home & Garden,3645.0,3.05,In Stock,40.0,2187.0,Mid-Range,Good
Home & Garden,2232.0,2.61,Out of Stock,24.0,1696.32,Budget,Average
Electronics,9891.0,1.99,In Stock,19.0,8011.71,Luxury,Poor
Home & Garden,4056.0,3.28,Out of Stock,19.0,3285.36,Mid-Range,Good
Electronics,2157.0,3.03,In Stock,40.0,1294.2,Budget,Good
Home & Garden,2233.0,2.89,In Stock,39.0,1362.13,Budget,Average
Home & Garden,6697.0,3.05,In Stock,5.0,6362.15,Premium,Good
Clothing,3509.0,3.76,In Stock,33.0,2351.03,Mid-Range,Good
Home & Garden,5432.0,3.66,In Stock,13.0,4725.84,Premium,Good
Clothing,6999.0,3.25,Out of Stock,33.0,4689.33,Premium,Good
Home & Garden,623.0,1.89,Out of Stock,12.0,548.24,Budget,Poor
Home & Garden,2900.0,3.05,In Stock,19.0,2349.0,Mid-Range,Good
Home & Garden,5114.0,3.12,Out of Stock,20.0,4091.2,Premium,Good
Home & Garden,3629.0,2.95,Out of Stock,47.0,1923.37,Mid-Range,Average
Home & Garden,8787.0,1.5,Out of Stock,49.0,4481.37,Luxury,Poor
Home & Garden,7801.0,2.44,Out of Stock,21.0,6162.79,Luxury,Average
Home & Garden,5905.0,3.05,Out of Stock,31.0,4074.45,Premium,Good
Home & Garden,6634.0,3.05,Out of Stock,15.0,5638.9,Premium,Good
Sports,629.0,3.24,In Stock,2.0,616.42,Budget,Good
Home & Garden,1861.0,3.05,In Stock,44.0,1042.16,Budget,Good
Electronics,4938.0,2.98,In Stock,0.0,4938.0,Mid-Range,Average
Home & Garden,9223.0,3.05,In Stock,18.0,7562.86,Luxury,Good
Home & Garden,1561.0,3.2,Out of Stock,0.0,1561.0,Budget,Good
Home & Garden,1303.0,3.05,In Stock,4.0,1250.88,Budget,Good
Home & Garden,2376.0,3.05,Out of Stock,24.0,1805.76,Budget,Good
Home & Garden,2974.0,4.71,In Stock,37.0,1873.62,Mid-Range,Excellent
Home & Garden,5019.0,3.05,In Stock,46.0,2710.26,Premium,Good
Home & Garden,4841.0,2.81,In Stock,33.0,3243.47,Mid-Range,Average
Home & Garden,6973.0,3.16,Out of Stock,39.0,4253.53,Premium,Good
Home & Garden,7441.0,3.05,In Stock,19.0,6027.21,Premium,Good
Home & Garden,7471.0,3.05,Out of Stock,0.0,7471.0,Premium,Good
Home & Garden,8608.0,4.24,In Stock,35.0,5595.2,Luxury,Excellent
Home & Garden,5616.0,4.02,In Stock,5.0,5335.2,Premium,Excellent
Home & Garden,7581.0,1.39,In Stock,36.0,4851.84,Luxury,Poor
Home & Garden,5061.0,3.05,In Stock,42.0,2935.38,Premium,Good
Home & Garden,5829.0,4.03,Out of Stock,0.0,5829.0,Premium,Excellent
Electronics,9813.0,3.03,In Stock,25.0,7359.75,Luxury,Good
Home & Garden,9620.0,3.63,Out of Stock,3.0,9331.4,Luxury,Good
Home & Garden,825.0,3.05,In Stock,14.0,709.5,Budget,Good
Home & Garden,4222.0,4.71,In Stock,2.0,4137.56,Mid-Range,Excellent
Home & Garden,5474.0,3.05,Out of Stock,44.0,3065.44,Premium,Good
Home & Garden,6980.0,3.05,Out of Stock,20.0,5584.0,Premium,Good
Home & Garden,8653.0,3.05,In Stock,27.0,6316.69,Luxury,Good
Electronics,7138.0,4.22,Out of Stock,25.0,5353.5,Premium,Excellent
Home & Garden,9022.0,3.05,Out of Stock,33.0,6044.74,Luxury,Good
Clothing,4132.0,3.25,In Stock,39.0,2520.52,Mid-Range,Good
Sports,454.0,2.69,Out of Stock,32.0,308.72,Budget,Average
Home & Garden,8301.0,3.05,In Stock,15.0,7055.85,Luxury,Good
Home & Garden,2101.0,3.05,In Stock,35.0,1365.65,Budget,Good
Home & Garden,8317.0,3.05,Out of Stock,41.0,4907.03,Luxury,Good
Home & Garden,907.0,3.05,Out of Stock,0.0,907.0,Budget,Good
Home & Garden,5703.0,3.77,In Stock,9.0,5189.73,Premium,Good
Home & Garden,2852.0,1.83,In Stock,3.0,2766.44,Mid-Range,Poor
Home & Garden,8069.0,3.05,In Stock,24.0,6132.44,Luxury,Good
Home & Garden,911.0,2.49,In Stock,39.0,555.71,Budget,Average
Home & Garden,307.0,3.05,In Stock,46.0,165.78,Budget,Good
Electronics,844.0,4.86,In Stock,39.0,514.84,Budget,Excellent
Clothing,5220.0,3.25,In Stock,20.0,4176.0,Premium,Good
Home & Garden,2674.0,4.74,In Stock,24.0,2032.24,Mid-Range,Excellent
Home & Garden,3227.0,3.05,In Stock,3.0,3130.19,Mid-Range,Good
Sports,4594.0,3.54,In Stock,31.0,3169.86,Mid-Range,Good
Home & Garden,4683.0,3.05,In Stock,40.0,2809.8,Mid-Range,Good
Sports,1365.0,3.24,In Stock,29.0,969.15,Budget,Good
Home & Garden,9674.0,3.05,Out of Stock,42.0,5610.92,Luxury,Good
Clothing,3187.0,3.25,In Stock,33.0,2135.29,Mid-Range,Good
Home & Garden,7954.0,4.51,In Stock,2.0,7794.92,Luxury,Excellent
Home & Garden,5294.0,3.17,Out of Stock,38.0,3282.28,Premium,Good
Home & Garden,719.0,3.05,Out of Stock,24.0,546.44,Budget,Good
Home & Garden,8483.0,1.74,In Stock,24.0,6447.08,Luxury,Poor
Clothing,138.0,3.25,In Stock,21.0,109.02,Budget,Good
Home & Garden,1286.0,3.95,Out of Stock,15.0,1093.1,Budget,Good
Home & Garden,6687.0,1.13,In Stock,9.0,6085.17,Premium,Poor
Sports,7190.0,3.86,Out of Stock,21.0,5680.1,Premium,Good
Home & Garden,4962.0,3.05,In Stock,25.0,3721.5,Mid-Range,Good
Sports,3427.0,3.24,Out of Stock,26.0,2535.98,Mid-Range,Good
Clothing,4711.0,3.83,In Stock,33.0,3156.37,Mid-Range,Good
Home & Garden,5018.0,2.43,In Stock,1.0,4967.82,Premium,Average
Home & Garden,7060.0,3.86,In Stock,1.0,6989.4,Premium,Good
Sports,6011.0,3.24,In Stock,26.0,4448.14,Premium,Good
Home & Garden,4962.0,3.71,In Stock,30.0,3473.4,Mid-Range,Good
Home & Garden,4890.0,3.05,Out of Stock,19.0,3960.9,Mid-Range,Good
Home & Garden,4460.0,3.05,In Stock,9.0,4058.6,Mid-Range,Good
Home & Garden,2310.0,3.05,In Stock,35.0,1501.5,Budget,Good
Sports,5762.0,4.69,In Stock,48.0,2996.24,Premium,Excellent
Home & Garden,6368.0,3.05,Out of Stock,2.0,6240.64,Premium,Good
Home & Garden,9811.0,3.05,In Stock,27.0,7162.03,Luxury,Good
Home & Garden,539.0,3.05,Out of Stock,16.0,452.76,Budget,Good
Clothing,3870.0,4.29,Out of Stock,21.0,3057.3,Mid-Range,Excellent
Home & Garden,9029.0,3.05,In Stock,31.0,6230.01,Luxury,Good
Home & Garden,1432.0,4.48,In Stock,32.0,973.76,Budget,Excellent
Sports,6136.0,1.43,In Stock,26.0,4540.64,Premium,Poor
Home & Garden,6780.0,2.9,In Stock,9.0,6169.8,Premium,Average
Home & Garden,7002.0,3.05,Out of Stock,19.0,5671.62,Premium,Good
Home & Garden,4962.0,4.72,In Stock,9.0,4515.42,Mid-Range,Excellent
Home & Garden,6806.0,3.05,In Stock,32.0,4628.08,Premium,Good
Home & Garden,8433.0,3.05,Out of Stock,40.0,5059.8,Luxury,Good
Home & Garden,6674.0,2.0,In Stock,46.0,3603.96,Premium,Poor
Electronics,8284.0,1.32,In Stock,34.0,5467.44,Luxury,Poor
Home & Garden,627.0,1.79,Out of Stock,36.0,401.28,Budget,Poor
Home & Garden,1476.0,3.05,In Stock,1.0,1461.24,Budget,Good
Clothing,5639.0,3.88,Out of Stock,14.0,4849.54,Premium,Good
Clothing,7555.0,3.25,In Stock,43.0,4306.35,Luxury,Good
Home & Garden,7720.0,1.02,In Stock,43.0,4400.4,Luxury,Poor
Home & Garden,1857.0,2.88,In Stock,14.0,1597.02,Budget,Average
Home & Garden,2694.0,3.05,In Stock,27.0,1966.62,Mid-Range,Good
Electronics,597.0,3.03,In Stock,37.0,376.11,Budget,Good
Home & Garden,4994.0,4.71,In Stock,13.0,4344.78,Mid-Range,Excellent
Home & Garden,4663.0,3.05,In Stock,32.0,3170.84,Mid-Range,Good
Home & Garden,9916.0,4.66,In Stock,48.0,5156.32,Luxury,Excellent
Home & Garden,8260.0,1.82,In Stock,40.0,4956.0,Luxury,Poor
Home & Garden,3757.0,3.81,Out of Stock,48.0,1953.64,Mid-Range,Good
Home & Garden,2300.0,3.05,In Stock,24.0,1748.0,Budget,Good
Sports,5602.0,4.59,In Stock,36.0,3585.28,Premium,Excellent
Home & Garden,8641.0,3.05,Out of Stock,11.0,7690.49,Luxury,Good
Home & Garden,5650.0,2.0,In Stock,17.0,4689.5,Premium,Poor
Home & Garden,4392.0,3.05,Out of Stock,33.0,2942.64,Mid-Range,Good
Home & Garden,2079.0,1.5,Out of Stock,49.0,1060.29,Budget,Poor
Clothing,8740.0,1.76,Out of Stock,37.0,5506.2,Luxury,Poor
Sports,4961.0,3.24,In Stock,44.0,2778.16,Mid-Range,Good
Home & Garden,9731.0,1.45,In Stock,46.0,5254.74,Luxury,Poor
Home & Garden,8185.0,2.57,In Stock,41.0,4829.15,Luxury,Average
Home & Garden,4167.0,3.05,Out of Stock,24.0,3166.92,Mid-Range,Good
Home & Garden,483.0,3.05,Out of Stock,12.0,425.04,Budget,Good
Electronics,688.0,3.03,In Stock,3.0,667.36,Budget,Good
Sports,220.0,3.24,In Stock,33.0,147.4,Budget,Good
Home & Garden,7578.0,3.05,Out of Stock,15.0,6441.3,Luxury,Good
Home & Garden,4155.0,3.05,In Stock,28.0,2991.6,Mid-Range,Good
Electronics,4431.0,3.03,Out of Stock,23.0,3411.87,Mid-Range,Good
Home & Garden,7386.0,4.24,Out of Stock,38.0,4579.32,Premium,Excellent
Home & Garden,4962.0,2.31,Out of Stock,21.0,3919.98,Mid-Range,Average
Home & Garden,8911.0,3.05,Out of Stock,24.0,6772.36,Luxury,Good
Home & Garden,2287.0,3.14,In Stock,7.0,2126.91,Budget,Good
Sports,8128.0,2.07,In Stock,24.0,6177.28,Luxury,Average
Home & Garden,9889.0,1.61,In Stock,49.0,5043.39,Luxury,Poor
Home & Garden,430.0,1.94,In Stock,24.0,326.8,Budget,Poor
Electronics,866.0,3.18,In Stock,37.0,545.58,Budget,Good
Home & Garden,6445.0,3.05,In Stock,17.0,5349.35,Premium,Good
Home & Garden,7879.0,3.22,In Stock,26.0,5830.46,Luxury,Good
Home & Garden,4269.0,2.74,In Stock,36.0,2732.16,Mid-Range,Average
Clothing,5140.0,2.45,Out of Stock,17.0,4266.2,Premium,Average
Sports,2792.0,3.59,In Stock,24.0,2121.92,Mid-Range,Good
Home & Garden,4116.0,3.05,Out of Stock,40.0,2469.6,Mid-Range,Good
Home & Garden,7039.0,3.05,Out of Stock,21.0,5560.81,Premium,Good
Home & Garden,660.0,3.73,In Stock,24.0,501.6,Budget,Good
Home & Garden,9574.0,3.05,In Stock,35.0,6223.1,Luxury,Good
Home & Garden,4962.0,3.32,Out of Stock,49.0,2530.62,Mid-Range,Good
Home & Garden,8136.0,2.09,In Stock,24.0,6183.36,Luxury,Average
Sports,9895.0,1.94,In Stock,26.0,7322.3,Luxury,Poor
Home & Garden,147.0,3.34,Out of Stock,24.0,111.72,Budget,Good
Electronics,3693.0,3.03,In Stock,5.0,3508.35,Mid-Range,Good
Home & Garden,1193.0,3.05,In Stock,49.0,608.43,Budget,Good
Clothing,107.0,2.37,In Stock,24.5,80.78,Budget,Average
Electronics,1151.0,4.49,In Stock,20.0,920.8,Budget,Excellent
Sports,7682.0,1.98,In Stock,23.0,5915.14,Luxury,Poor
Home & Garden,5337.0,1.69,In Stock,4.0,5123.52,Premium,Poor
Home & Garden,6710.0,3.05,In Stock,33.0,4495.7,Premium,Good
Home & Garden,4962.0,1.94,Out of Stock,12.0,4366.56,Mid-Range,Poor
Home & Garden,3318.0,3.05,Out of Stock,38.0,2057.16,Mid-Range,Good
Home & Garden,993.0,3.05,Out of Stock,34.0,655.38,Budget,Good
Home & Garden,2756.0,3.05,In Stock,0.0,2756.0,Mid-Range,Good
Home & Garden,9565.0,1.56,In Stock,11.0,8512.85,Luxury,Poor
Home & Garden,6186.0,3.05,In Stock,24.0,4701.36,Premium,Good
Sports,6702.0,3.24,In Stock,26.0,4959.48,Premium,Good
Electronics,6258.0,3.03,Out of Stock,8.0,5757.36,Premium,Good
Home & Garden,7678.0,4.2,Out of Stock,49.0,3915.78,Luxury,Excellent
Electronics,6001.0,3.03,In Stock,47.0,3180.53,Premium,Good
Sports,5229.0,3.24,Out of Stock,37.0,3294.27,Premium,Good
Home & Garden,533.0,3.05,In Stock,24.0,405.08,Budget,Good
Sports,266.0,3.24,In Stock,30.0,186.2,Budget,Good
Home & Garden,5768.0,3.05,Out of Stock,17.0,4787.44,Premium,Good
Home & Garden,6998.0,3.05,In Stock,47.0,3708.94,Premium,Good
Home & Garden,9359.0,3.05,In Stock,16.0,7861.56,Luxury,Good
Home & Garden,5375.0,2.39,Out of Stock,47.0,2848.75,Premium,Average
Home & Garden,6759.0,3.05,Out of Stock,14.0,5812.74,Premium,Good
Home & Garden,3274.0,3.05,Out of Stock,20.0,2619.2,Mid-Range,Good
Home & Garden,6645.0,4.09,In Stock,24.0,5050.2,Premium,Excellent
Electronics,8139.0,3.03,In Stock,33.0,5453.13,Luxury,Good
Home & Garden,632.0,3.05,In Stock,20.0,505.6,Budget,Good
Home & Garden,1739.0,1.97,In Stock,5.0,1652.05,Budget,Poor
Electronics,7484.0,3.35,In Stock,40.0,4490.4,Premium,Good
Home & Garden,4104.0,4.01,In Stock,6.0,3857.76,Mid-Range,Excellent
Home & Garden,246.0,1.36,Out of Stock,45.0,135.3,Budget,Poor
Home & Garden,7176.0,3.4,In Stock,17.0,5956.08,Premium,Good
Home & Garden,8562.0,3.05,In Stock,0.0,8562.0,Luxury,Good
Home & Garden,6673.0,4.26,In Stock,32.0,4537.64,Premium,Excellent
Home & Garden,1755.0,4.55,In Stock,47.0,930.15,Budget,Excellent
Home & Garden,6363.0,3.05,Out of Stock,13.0,5535.81,Premium,Good
Clothing,3370.0,3.25,In Stock,48.0,1752.4,Mid-Range,Good
Electronics,4865.0,3.03,In Stock,41.0,2870.35,Mid-Range,Good
Home & Garden,6655.0,3.05,In Stock,43.0,3793.35,Premium,Good
Home & Garden,3584.0,1.67,In Stock,26.0,2652.16,Mid-Range,Poor
Home & Garden,7983.0,3.38,Out of Stock,24.0,6067.08,Luxury,Good
Electronics,3592.0,3.8,Out of Stock,35.0,2334.8,Mid-Range,Good
Electronics,887.0,4.0,Out of Stock,0.0,887.0,Budget,Good
Sports,6341.0,3.56,Out of Stock,12.0,5580.08,Premium,Good
Home & Garden,9170.0,3.05,Out of Stock,30.0,6419.0,Luxury,Good
Clothing,6566.0,3.25,In Stock,39.0,4005.26,Premium,Good
Sports,7553.0,4.19,Out of Stock,16.0,6344.52,Luxury,Excellent
Clothing,9502.0,4.83,In Stock,49.0,4846.02,Luxury,Excellent
Home & Garden,6262.0,2.96,Out of Stock,29.0,4446.02,Premium,Average
Electronics,3507.0,3.03,In Stock,26.0,2595.18,Mid-Range,Good
Home & Garden,7487.0,3.05,In Stock,9.0,6813.17,Premium,Good
Home & Garden,7556.0,3.05,Out of Stock,19.0,6120.36,Luxury,Good
Home & Garden,4370.0,2.82,In Stock,24.0,3321.2,Mid-Range,Average
Home & Garden,9091.0,2.17,In Stock,24.0,6909.16,Luxury,Average
Home & Garden,3235.0,1.63,Out of Stock,9.0,2943.85,Mid-Range,Poor
Electronics,2969.0,2.09,In Stock,23.0,2286.13,Mid-Range,Average
Clothing,9419.0,3.25,In Stock,32.0,6404.92,Luxury,Good
Sports,7158.0,4.55,In Stock,20.0,5726.4,Premium,Excellent
Home & Garden,4295.0,3.88,In Stock,24.0,3264.2,Mid-Range,Good
Home & Garden,558.0,3.05,In Stock,23.0,429.66,Budget,Good
Home & Garden,9337.0,3.05,In Stock,13.0,8123.19,Luxury,Good
Electronics,5071.0,3.55,In Stock,26.0,3752.54,Premium,Good
Home & Garden,1544.0,4.97,Out of Stock,3.0,1497.68,Budget,Excellent
Home & Garden,8858.0,4.61,In Stock,34.0,5846.28,Luxury,Excellent
Home & Garden,1055.0,2.39,Out of Stock,10.0,949.5,Budget,Average
Electronics,3330.0,2.92,In Stock,17.0,2763.9,Mid-Range,Average
Home & Garden,6768.0,3.05,In Stock,1.0,6700.32,Premium,Good
Electronics,883.0,3.03,Out of Stock,42.0,512.14,Budget,Good
Home & Garden,2514.0,4.56,In Stock,40.0,1508.4,Mid-Range,Excellent
Home & Garden,4778.0,4.38,Out of Stock,17.0,3965.74,Mid-Range,Excellent
Home & Garden,1190.0,3.05,Out of Stock,2.0,1166.2,Budget,Good
Home & Garden,9790.0,3.33,In Stock,23.0,7538.3,Luxury,Good
Home & Garden,6743.0,2.72,In Stock,44.0,3776.08,Premium,Average
Sports,6481.0,3.81,Out of Stock,43.0,3694.17,Premium,Good
Home & Garden,6086.0,4.46,In Stock,2.0,5964.28,Premium,Excellent
Electronics,4013.0,3.03,Out of Stock,46.0,2167.02,Mid-Range,Good
Home & Garden,7307.0,3.05,In Stock,14.0,6284.02,Premium,Good
Home & Garden,2833.0,3.54,Out of Stock,24.0,2153.08,Mid-Range,Good
Home & Garden,4851.0,4.56,In Stock,16.0,4074.84,Mid-Range,Excellent
Home & Garden,5000.0,3.05,Out of Stock,11.0,4450.0,Mid-Range,Good
Home & Garden,863.0,3.05,In Stock,30.0,604.1,Budget,Good
Sports,4094.0,2.93,Out of Stock,26.0,3029.56,Mid-Range,Average
Electronics,234.0,3.96,In Stock,24.0,177.84,Budget,Good
Sports,3931.0,3.24,Out of Stock,34.0,2594.46,Mid-Range,Good
Home & Garden,5700.0,3.05,In Stock,36.0,3648.0,Premium,Good
Home & Garden,3748.0,3.05,Out of Stock,28.0,2698.56,Mid-Range,Good
Home & Garden,1531.0,2.17,Out of Stock,1.0,1515.69,Budget,Average
Home & Garden,6687.0,3.05,Out of Stock,24.0,5082.12,Premium,Good
Sports,7598.0,3.24,Out of Stock,27.0,5546.54,Luxury,Good
Home & Garden,3730.0,1.4,In Stock,0.0,3730.0,Mid-Range,Poor
Home & Garden,8578.0,3.05,In Stock,48.0,4460.56,Luxury,Good
Clothing,954.0,3.12,In Stock,20.0,763.2,Budget,Good
Home & Garden,269.0,3.05,Out of Stock,49.0,137.19,Budget,Good
Home & Garden,7210.0,2.76,Out of Stock,14.0,6200.6,Premium,Average
Home & Garden,9488.0,3.05,In Stock,24.0,7210.88,Luxury,Good
Home & Garden,4506.0,3.05,In Stock,41.0,2658.54,Mid-Range,Good
Home & Garden,3454.0,3.05,In Stock,35.0,2245.1,Mid-Range,Good
Home & Garden,3329.0,1.52,Out of Stock,26.0,2463.46,Mid-Range,Poor
Home & Garden,8863.0,3.05,Out of Stock,48.0,4608.76,Luxury,Good
Home & Garden,7314.0,4.11,In Stock,24.0,5558.64,Premium,Excellent
Home & Garden,9433.0,4.68,Out of Stock,0.0,9433.0,Luxury,Excellent
Home & Garden,9716.0,4.76,In Stock,41.0,5732.44,Luxury,Excellent
Sports,5686.0,4.72,In Stock,24.0,4321.36,Premium,Excellent
Home & Garden,3787.0,4.8,In Stock,0.0,3787.0,Mid-Range,Excellent
Sports,9256.0,3.24,Out of Stock,8.0,8515.52,Luxury,Good
Home & Garden,7343.0,3.05,In Stock,24.0,5580.68,Premium,Good
Home & Garden,5495.0,2.48,In Stock,47.0,2912.35,Premium,Average
Home & Garden,3217.0,3.05,Out of Stock,8.0,2959.64,Mid-Range,Good
Home & Garden,2583.0,4.96,Out of Stock,6.0,2428.02,Mid-Range,Excellent
Home & Garden,9205.0,3.05,In Stock,45.0,5062.75,Luxury,Good
Electronics,5153.0,3.03,In Stock,29.0,3658.63,Premium,Good
Clothing,4927.0,3.25,Out of Stock,17.0,4089.41,Mid-Range,Good
Electronics,3874.0,3.27,In Stock,0.0,3874.0,Mid-Range,Good
Home & Garden,9434.0,1.91,Out of Stock,3.0,9150.98,Luxury,Poor
Clothing,9209.0,1.29,In Stock,15.0,7827.65,Luxury,Poor
Home & Garden,9543.0,3.05,In Stock,36.0,6107.52,Luxury,Good
Home & Garden,3782.0,3.05,In Stock,15.0,3214.7,Mid-Range,Good
Electronics,6808.0,3.58,In Stock,49.0,3472.08,Premium,Good
Home & Garden,4962.0,3.05,In Stock,7.0,4614.66,Mid-Range,Good
Sports,1161.0,4.87,Out of Stock,30.0,812.7,Budget,Excellent
Home & Garden,175.0,3.75,In Stock,40.0,105.0,Budget,Good
Home & Garden,8589.0,1.42,In Stock,31.0,5926.41,Luxury,Poor
Home & Garden,4686.0,4.25,In Stock,5.0,4451.7,Mid-Range,Excellent
Electronics,4209.0,1.84,In Stock,44.0,2357.04,Mid-Range,Poor
Home & Garden,2337.0,2.61,Out of Stock,24.0,1776.12,Budget,Average
Home & Garden,9238.0,3.05,In Stock,39.0,5635.18,Luxury,Good
Home & Garden,4621.0,3.05,In Stock,25.0,3465.75,Mid-Range,Good
Home & Garden,8447.0,4.53,Out of Stock,20.0,6757.6,Luxury,Excellent
Home & Garden,9601.0,1.23,Out of Stock,29.0,6816.71,Luxury,Poor
Clothing,6512.0,2.1,In Stock,34.0,4297.92,Premium,Average
Home & Garden,2763.0,3.05,Out of Stock,41.0,1630.17,Mid-Range,Good
Clothing,6483.0,1.13,Out of Stock,12.0,5705.04,Premium,Poor
Home & Garden,6790.0,3.05,In Stock,26.0,5024.6,Premium,Good
Home & Garden,2433.0,3.05,In Stock,16.0,2043.72,Budget,Good
Home & Garden,9030.0,3.05,In Stock,32.0,6140.4,Luxury,Good
Home & Garden,1956.0,4.97,In Stock,31.0,1349.64,Budget,Excellent
Clothing,4258.0,3.25,In Stock,34.0,2810.28,Mid-Range,Good
Home & Garden,2180.0,1.28,Out of Stock,24.0,1656.8,Budget,Poor
Home & Garden,3070.0,3.05,Out of Stock,46.0,1657.8,Mid-Range,Good
Home & Garden,2846.0,2.88,Out of Stock,28.0,2049.12,Mid-Range,Average
Home & Garden,5562.0,3.31,In Stock,6.0,5228.28,Premium,Good
Home & Garden,894.0,3.05,Out of Stock,2.0,876.12,Budget,Good
Home & Garden,6742.0,3.05,Out of Stock,11.0,6000.38,Premium,Good
Home & Garden,4820.0,2.77,In Stock,45.0,2651.0,Mid-Range,Average
Home & Garden,6357.0,1.33,In Stock,5.0,6039.15,Premium,Poor
Home & Garden,9197.0,3.58,Out of Stock,35.0,5978.05,Luxury,Good
Clothing,7238.0,3.25,In Stock,15.0,6152.3,Premium,Good
Home & Garden,445.0,3.74,Out of Stock,13.0,387.15,Budget,Good
Home & Garden,9252.0,3.05,In Stock,24.0,7031.52,Luxury,Good
Electronics,2963.0,3.03,Out of Stock,6.0,2785.22,Mid-Range,Good
Home & Garden,8269.0,3.05,In Stock,44.0,4630.64,Luxury,Good
Home & Garden,7216.0,4.52,In Stock,38.0,4473.92,Premium,Excellent
Home & Garden,2558.0,3.05,Out of Stock,1.0,2532.42,Mid-Range,Good
Electronics,6700.0,2.74,In Stock,42.0,3886.0,Premium,Average
Home & Garden,6750.0,4.14,Out of Stock,13.0,5872.5,Premium,Excellent
Home & Garden,6485.0,4.0,In Stock,40.0,3891.0,Premium,Good
Home & Garden,8200.0,3.1,In Stock,6.0,7708.0,Luxury,Good
Home & Garden,4887.0,3.05,Out of Stock,18.0,4007.34,Mid-Range,Good
Home & Garden,3247.0,3.05,In Stock,44.0,1818.32,Mid-Range,Good
Home & Garden,6760.0,3.05,In Stock,6.0,6354.4,Premium,Good
Home & Garden,1112.0,3.05,Out of Stock,34.0,733.92,Budget,Good
Sports,4525.0,3.61,In Stock,26.0,3348.5,Mid-Range,Good
Home & Garden,6324.0,2.59,Out of Stock,10.0,5691.6,Premium,Average
Home & Garden,6277.0,2.12,In Stock,3.0,6088.69,Premium,Average
Home & Garden,1248.0,3.05,Out of Stock,5.0,1185.6,Budget,Good
Home & Garden,4250.0,4.93,In Stock,30.0,2975.0,Mid-Range,Excellent
Sports,5752.0,2.01,Out of Stock,4.0,5521.92,Premium,Average
Sports,4568.0,3.24,In Stock,47.0,2421.04,Mid-Range,Good
Electronics,9098.0,2.83,Out of Stock,41.0,5367.82,Luxury,Average
Home & Garden,9687.0,3.59,In Stock,24.0,7362.12,Luxury,Good
Home & Garden,205.0,3.05,Out of Stock,24.0,155.8,Budget,Good
Electronics,6309.0,3.63,In Stock,44.0,3533.04,Premium,Good
Home & Garden,6277.0,3.05,Out of Stock,5.0,5963.15,Premium,Good
Electronics,3282.0,3.03,In Stock,38.0,2034.84,Mid-Range,Good
Home & Garden,4310.0,4.63,In Stock,2.0,4223.8,Mid-Range,Excellent
Clothing,4378.0,3.25,Out of Stock,37.0,2758.14,Mid-Range,Good
Home & Garden,4962.0,1.95,In Stock,48.0,2580.24,Mid-Range,Poor
Home & Garden,3844.0,1.4,In Stock,6.0,3613.36,Mid-Range,Poor
Sports,8324.0,3.24,In Stock,3.0,8074.28,Luxury,Good
Home & Garden,339.0,4.86,In Stock,22.0,264.42,Budget,Excellent
Home & Garden,7165.0,3.05,Out of Stock,21.0,5660.35,Premium,Good
Home & Garden,3974.0,3.05,In Stock,49.0,2026.74,Mid-Range,Good
Sports,9534.0,1.47,Out of Stock,3.0,9247.98,Luxury,Poor
Electronics,4421.0,3.03,In Stock,23.0,3404.17,Mid-Range,Good
Home & Garden,3618.0,3.48,In Stock,15.0,3075.3,Mid-Range,Good
Home & Garden,3791.0,2.84,In Stock,20.0,3032.8,Mid-Range,Average
Home & Garden,3411.0,3.05,In Stock,27.0,2490.03,Mid-Range,Good
Home & Garden,9974.0,3.05,Out of Stock,9.0,9076.34,Luxury,Good
Electronics,4767.0,1.62,In Stock,30.0,3336.9,Mid-Range,Poor
Home & Garden,3861.0,3.05,In Stock,26.0,2857.14,Mid-Range,Good
Home & Garden,5806.0,3.05,Out of Stock,45.0,3193.3,Premium,Good
Home & Garden,4154.0,3.05,Out of Stock,24.0,3157.04,Mid-Range,Good
Sports,4212.0,3.24,In Stock,14.0,3622.32,Mid-Range,Good
Home & Garden,7313.0,2.14,In Stock,23.0,5631.01,Premium,Average
Electronics,2074.0,3.03,In Stock,38.0,1285.88,Budget,Good
Home & Garden,4455.0,3.05,In Stock,13.0,3875.85,Mid-Range,Good
Home & Garden,7111.0,3.05,Out of Stock,15.0,6044.35,Premium,Good
Home & Garden,976.0,3.05,Out of Stock,12.0,858.88,Budget,Good
Home & Garden,5329.0,3.05,In Stock,28.0,3836.88,Premium,Good
Home & Garden,2113.0,3.05,Out of Stock,44.0,1183.28,Budget,Good
Sports,7866.0,4.45,Out of Stock,0.0,7866.0,Luxury,Excellent
Home & Garden,4962.0,3.05,In Stock,30.0,3473.4,Mid-Range,Good
Home & Garden,1671.0,3.37,In Stock,7.0,1554.03,Budget,Good
Electronics,6389.0,3.03,In Stock,12.0,5622.32,Premium,Good
Home & Garden,3811.0,3.05,In Stock,19.0,3086.91,Mid-Range,Good
Electronics,6578.0,2.88,Out of Stock,37.0,4144.14,Premium,Average
Home & Garden,9150.0,2.17,Out of Stock,6.0,8601.0,Luxury,Average
Home & Garden,9495.0,4.96,In Stock,36.0,6076.8,Luxury,Excellent
Home & Garden,8630.0,3.05,Out of Stock,7.0,8025.9,Luxury,Good
Home & Garden,7368.0,2.22,In Stock,23.0,5673.36,Premium,Average
Home & Garden,7906.0,3.05,In Stock,24.0,6008.56,Luxury,Good
Home & Garden,9726.0,2.28,Out of Stock,20.0,7780.8,Luxury,Average
Sports,7756.0,3.24,In Stock,7.0,7213.08,Luxury,Good
Home & Garden,478.0,1.41,In Stock,42.0,277.24,Budget,Poor
Home & Garden,1266.0,2.26,Out of Stock,24.0,962.16,Budget,Average
Home & Garden,2320.0,3.05,Out of Stock,39.0,1415.2,Budget,Good
Home & Garden,1254.0,1.39,In Stock,24.0,953.04,Budget,Poor
Home & Garden,4299.0,3.05,Out of Stock,35.0,2794.35,Mid-Range,Good
Home & Garden,1912.0,3.05,In Stock,41.0,1128.08,Budget,Good
Clothing,6199.0,3.25,Out of Stock,0.0,6199.0,Premium,Good
Electronics,3563.0,3.52,Out of Stock,45.0,1959.65,Mid-Range,Good
Home & Garden,354.0,2.63,In Stock,36.0,226.56,Budget,Average
Home & Garden,2812.0,3.58,In Stock,0.0,2812.0,Mid-Range,Good
Home & Garden,2492.0,2.1,In Stock,16.0,2093.28,Budget,Average
Home & Garden,5238.0,3.05,In Stock,45.0,2880.9,Premium,Good
Home & Garden,2415.0,3.05,In Stock,18.0,1980.3,Budget,Good
Home & Garden,9611.0,4.91,Out of Stock,38.0,5958.82,Luxury,Excellent
Clothing,9877.0,2.46,In Stock,37.0,6222.51,Luxury,Average
Clothing,4795.0,4.01,In Stock,16.0,4027.8,Mid-Range,Excellent
Home & Garden,9563.0,3.93,Out of Stock,38.0,5929.06,Luxury,Good
Home & Garden,1155.0,4.05,In Stock,30.0,808.5,Budget,Excellent
Home & Garden,948.0,3.05,Out of Stock,39.0,578.28,Budget,Good
Clothing,6445.0,1.46,Out of Stock,31.0,4447.05,Premium,Poor
Sports,3650.0,4.83,In Stock,31.0,2518.5,Mid-Range,Excellent
Clothing,5167.0,4.25,In Stock,31.0,3565.23,Premium,Excellent
Home & Garden,2995.0,1.55,In Stock,35.0,1946.75,Mid-Range,Poor
Home & Garden,6576.0,1.9,Out of Stock,3.0,6378.72,Premium,Poor
Home & Garden,5280.0,1.5,In Stock,45.0,2904.0,Premium,Poor
Clothing,3394.0,2.85,Out of Stock,11.0,3020.66,Mid-Range,Average
Home & Garden,7171.0,2.54,In Stock,4.0,6884.16,Premium,Average
Home & Garden,8124.0,3.05,Out of Stock,40.0,4874.4,Luxury,Good
Home & Garden,4239.0,3.05,Out of Stock,8.0,3899.88,Mid-Range,Good
Home & Garden,7593.0,3.22,Out of Stock,40.0,4555.8,Luxury,Good
Home & Garden,4808.0,3.05,Out of Stock,19.0,3894.48,Mid-Range,Good
Clothing,4802.0,3.25,Out of Stock,31.0,3313.38,Mid-Range,Good
Home & Garden,499.0,2.67,In Stock,25.0,374.25,Budget,Average
Home & Garden,6524.0,3.05,Out of Stock,15.0,5545.4,Premium,Good
Sports,4887.0,2.07,Out of Stock,26.0,3616.38,Mid-Range,Average
Home & Garden,2080.0,1.4,In Stock,27.0,1518.4,Budget,Poor
Home & Garden,5264.0,3.05,In Stock,33.0,3526.88,Premium,Good
Home & Garden,7827.0,4.07,In Stock,42.0,4539.66,Luxury,Excellent
Sports,8796.0,3.24,Out of Stock,38.0,5453.52,Luxury,Good
Home & Garden,6725.0,3.12,In Stock,41.0,3967.75,Premium,Good
Home & Garden,5427.0,1.78,Out of Stock,37.0,3419.01,Premium,Poor
Home & Garden,4638.0,2.92,In Stock,8.0,4266.96,Mid-Range,Average
Home & Garden,3639.0,2.58,Out of Stock,23.0,2802.03,Mid-Range,Average
Home & Garden,4574.0,3.05,In Stock,9.0,4162.34,Mid-Range,Good
Home & Garden,1407.0,2.69,In Stock,22.0,1097.46,Budget,Average
Electronics,456.0,1.11,Out of Stock,35.0,296.4,Budget,Poor
Sports,6904.0,3.24,In Stock,17.0,5730.32,Premium,Good
Home & Garden,6654.0,3.05,In Stock,45.0,3659.7,Premium,Good
Electronics,1921.0,4.4,Out of Stock,43.0,1094.97,Budget,Excellent
Home & Garden,3073.0,3.05,Out of Stock,35.0,1997.45,Mid-Range,Good
Home & Garden,4766.0,3.07,In Stock,41.0,2811.94,Mid-Range,Good
Home & Garden,5055.0,3.05,In Stock,44.0,2830.8,Premium,Good
Home & Garden,4057.0,2.71,Out of Stock,6.0,3813.58,Mid-Range,Average
Electronics,4419.0,3.83,Out of Stock,29.0,3137.49,Mid-Range,Good
Clothing,5499.0,4.96,In Stock,38.0,3409.38,Premium,Excellent
Home & Garden,972.0,3.68,Out of Stock,27.0,709.56,Budget,Good
Home & Garden,8857.0,4.48,In Stock,47.0,4694.21,Luxury,Excellent
Home & Garden,1899.0,4.97,Out of Stock,43.0,1082.43,Budget,Excellent
Home & Garden,9580.0,2.84,In Stock,29.0,6801.8,Luxury,Average
Sports,4920.0,3.24,In Stock,48.0,2558.4,Mid-Range,Good
Sports,8035.0,4.8,Out of Stock,17.0,6669.05,Luxury,Excellent
Electronics,3038.0,1.27,Out of Stock,20.0,2430.4,Mid-Range,Poor
Clothing,2488.0,2.49,In Stock,47.0,1318.64,Budget,Average
Home & Garden,1728.0,3.05,In Stock,19.0,1399.68,Budget,Good
Home & Garden,7812.0,4.03,Out of Stock,47.0,4140.36,Luxury,Excellent
Electronics,4745.0,3.95,In Stock,45.0,2609.75,Mid-Range,Good
Home & Garden,9129.0,2.95,In Stock,11.0,8124.81,Luxury,Average
Home & Garden,2082.0,4.83,In Stock,8.0,1915.44,Budget,Excellent
Electronics,8653.0,2.5,In Stock,31.0,5970.57,Luxury,Average
Home & Garden,4962.0,4.38,Out of Stock,2.0,4862.76,Mid-Range,Excellent
Home & Garden,5393.0,3.05,Out of Stock,6.0,5069.42,Premium,Good
Home & Garden,4370.0,4.44,In Stock,19.0,3539.7,Mid-Range,Excellent
Home & Garden,7216.0,3.05,In Stock,47.0,3824.48,Premium,Good
Home & Garden,4962.0,3.05,In Stock,8.0,4565.04,Mid-Range,Good
Sports,4853.0,3.24,Out of Stock,5.0,4610.35,Mid-Range,Good
Home & Garden,2689.0,4.97,In Stock,44.0,1505.84,Mid-Range,Excellent
Home & Garden,3549.0,2.32,In Stock,38.0,2200.38,Mid-Range,Average
Home & Garden,6708.0,3.05,Out of Stock,48.0,3488.16,Premium,Good
Home & Garden,4962.0,1.07,Out of Stock,29.0,3523.02,Mid-Range,Poor
Home & Garden,803.0,3.05,In Stock,1.0,794.97,Budget,Good
Clothing,2775.0,3.25,In Stock,43.0,1581.75,Mid-Range,Good
Electronics,7601.0,2.88,Out of Stock,26.0,5624.74,Luxury,Average
Home & Garden,8754.0,3.15,Out of Stock,27.0,6390.42,Luxury,Good
Clothing,6942.0,3.25,In Stock,1.0,6872.58,Premium,Good
Home & Garden,7795.0,3.05,In Stock,12.0,6859.6,Luxury,Good
Home & Garden,6884.0,3.05,In Stock,29.0,4887.64,Premium,Good
Home & Garden,5381.0,3.05,In Stock,44.0,3013.36,Premium,Good
Home & Garden,6580.0,3.05,In Stock,47.0,3487.4,Premium,Good
Electronics,4428.0,3.86,In Stock,38.0,2745.36,Mid-Range,Good
Home & Garden,4108.0,1.54,In Stock,11.0,3656.12,Mid-Range,Poor
Home & Garden,1398.0,3.71,In Stock,14.0,1202.28,Budget,Good
Clothing,3737.0,3.25,In Stock,32.0,2541.16,Mid-Range,Good
Sports,4896.0,3.43,Out of Stock,41.0,2888.64,Mid-Range,Good
Home & Garden,7020.0,2.45,In Stock,1.0,6949.8,Premium,Average
Electronics,7050.0,3.03,In Stock,43.0,4018.5,Premium,Good
Home & Garden,8105.0,4.63,In Stock,17.0,6727.15,Luxury,Excellent
Home & Garden,7363.0,1.32,In Stock,25.0,5522.25,Premium,Poor
Home & Garden,7955.0,3.05,Out of Stock,18.0,6523.1,Luxury,Good
Home & Garden,6339.0,3.05,Out of Stock,12.0,5578.32,Premium,Good
Sports,5412.0,4.19,Out of Stock,13.0,4708.44,Premium,Excellent
Clothing,6329.0,3.25,In Stock,17.0,5253.07,Premium,Good
Home & Garden,2176.0,3.05,In Stock,43.0,1240.32,Budget,Good
Electronics,6335.0,1.23,In Stock,33.0,4244.45,Premium,Poor
Home & Garden,2469.0,3.05,In Stock,5.0,2345.55,Budget,Good
Home & Garden,4962.0,3.05,In Stock,44.0,2778.72,Mid-Range,Good
Home & Garden,669.0,3.8,In Stock,16.0,561.96,Budget,Good
Home & Garden,2293.0,2.81,In Stock,15.0,1949.05,Budget,Average
Home & Garden,2996.0,3.05,In Stock,32.0,2037.28,Mid-Range,Good
Home & Garden,627.0,3.05,In Stock,24.0,476.52,Budget,Good
Home & Garden,3266.0,4.65,In Stock,8.0,3004.72,Mid-Range,Excellent
Home & Garden,9372.0,1.73,In Stock,24.0,7122.72,Luxury,Poor
Home & Garden,6758.0,4.6,Out of Stock,7.0,6284.94,Premium,Excellent
Home & Garden,7708.0,3.05,In Stock,45.0,4239.4,Luxury,Good
Home & Garden,2608.0,3.05,In Stock,6.0,2451.52,Mid-Range,Good
Home & Garden,4192.0,3.05,Out of Stock,47.0,2221.76,Mid-Range,Good
Home & Garden,8274.0,3.05,In Stock,25.0,6205.5,Luxury,Good
Home & Garden,4603.0,1.84,In Stock,46.0,2485.62,Mid-Range,Poor
Home & Garden,3272.0,3.05,Out of Stock,16.0,2748.48,Mid-Range,Good
Home & Garden,2313.0,4.33,In Stock,5.0,2197.35,Budget,Excellent
Sports,9091.0,3.3,Out of Stock,32.0,6181.88,Luxury,Good
Home & Garden,3394.0,4.78,In Stock,14.0,2918.84,Mid-Range,Excellent
Home & Garden,6607.0,1.19,In Stock,42.0,3832.06,Premium,Poor
Clothing,1329.0,3.94,In Stock,31.0,917.01,Budget,Good
Home & Garden,6010.0,3.05,Out of Stock,23.0,4627.7,Premium,Good
Home & Garden,5890.0,3.05,In Stock,18.0,4829.8,Premium,Good
Home & Garden,7899.0,3.05,In Stock,24.0,6003.24,Luxury,Good
Home & Garden,7827.0,3.05,Out of Stock,34.0,5165.82,Luxury,Good
Home & Garden,4015.0,3.05,In Stock,13.0,3493.05,Mid-Range,Good
Home & Garden,3766.0,1.74,In Stock,18.0,3088.12,Mid-Range,Poor
Electronics,2056.0,1.56,Out of Stock,26.0,1521.44,Budget,Poor
Home & Garden,1551.0,3.93,Out of Stock,23.0,1194.27,Budget,Good
Home & Garden,1086.0,2.68,In Stock,1.0,1075.14,Budget,Average
Home & Garden,2782.0,3.05,In Stock,5.0,2642.9,Mid-Range,Good
Home & Garden,9290.0,1.22,In Stock,22.0,7246.2,Luxury,Poor
Sports,1505.0,3.24,Out of Stock,0.0,1505.0,Budget,Good
Sports,9351.0,4.32,In Stock,4.0,8976.96,Luxury,Excellent
Electronics,7302.0,3.03,In Stock,24.0,5549.52,Premium,Good
Home & Garden,579.0,3.05,In Stock,5.0,550.05,Budget,Good
Electronics,7977.0,2.59,In Stock,40.0,4786.2,Luxury,Average
Home & Garden,1406.0,3.05,Out of Stock,24.0,1068.56,Budget,Good
Home & Garden,4607.0,3.05,In Stock,35.0,2994.55,Mid-Range,Good
Sports,7891.0,3.24,In Stock,33.0,5286.97,Luxury,Good
Home & Garden,875.0,3.05,In Stock,9.0,796.25,Budget,Good
Home & Garden,6671.0,4.1,In Stock,28.0,4803.12,Premium,Excellent
Home & Garden,9812.0,4.42,Out of Stock,7.0,9125.16,Luxury,Excellent
Home & Garden,5425.0,4.06,In Stock,37.0,3417.75,Premium,Excellent
Clothing,8594.0,4.75,Out of Stock,9.0,7820.54,Luxury,Excellent
Electronics,9792.0,3.03,Out of Stock,43.0,5581.44,Luxury,Good
Home & Garden,8653.0,3.05,In Stock,29.0,6143.63,Luxury,Good
Electronics,2896.0,4.2,In Stock,41.0,1708.64,Mid-Range,Excellent
Home & Garden,8471.0,2.6,Out of Stock,24.0,6437.96,Luxury,Average
Home & Garden,8417.0,4.98,Out of Stock,16.0,7070.28,Luxury,Excellent
Home & Garden,3992.0,3.05,Out of Stock,30.0,2794.4,Mid-Range,Good
Home & Garden,7824.0,3.05,In Stock,45.0,4303.2,Luxury,Good
Home & Garden,2132.0,3.87,In Stock,3.0,2068.04,Budget,Good
Electronics,5148.0,1.9,In Stock,35.0,3346.2,Premium,Poor
Clothing,8673.0,3.25,In Stock,15.0,7372.05,Luxury,Good
Sports,2989.0,1.57,In Stock,46.0,1614.06,Mid-Range,Poor
Home & Garden,6858.0,3.05,In Stock,15.0,5829.3,Premium,Good
Home & Garden,9472.0,3.4,In Stock,19.0,7672.32,Luxury,Good
Home & Garden,6373.0,1.85,Out of Stock,32.0,4333.64,Premium,Poor
Home & Garden,4088.0,2.87,Out of Stock,0.0,4088.0,Mid-Range,Average
Home & Garden,1812.0,3.05,In Stock,11.0,1612.68,Budget,Good
Clothing,3928.0,4.62,Out of Stock,24.5,2965.64,Mid-Range,Excellent
Home & Garden,4184.0,3.84,In Stock,32.0,2845.12,Mid-Range,Good
Home & Garden,4537.0,3.05,In Stock,21.0,3584.23,Mid-Range,Good
Home & Garden,3728.0,1.72,In Stock,15.0,3168.8,Mid-Range,Poor
Home & Garden,7788.0,3.05,Out of Stock,24.0,5918.88,Luxury,Good
Home & Garden,4043.0,3.05,In Stock,8.0,3719.56,Mid-Range,Good
Home & Garden,4962.0,4.99,Out of Stock,33.0,3324.54,Mid-Range,Excellent
Home & Garden,2831.0,4.18,Out of Stock,26.0,2094.94,Mid-Range,Excellent
Sports,2491.0,4.85,In Stock,26.0,1843.34,Budget,Excellent
Sports,8566.0,3.24,Out of Stock,20.0,6852.8,Luxury,Good
Home & Garden,3920.0,3.05,Out of Stock,0.0,3920.0,Mid-Range,Good
Home & Garden,4623.0,1.45,In Stock,44.0,2588.88,Mid-Range,Poor
Home & Garden,8806.0,3.05,Out of Stock,19.0,7132.86,Luxury,Good
Sports,9489.0,3.24,In Stock,28.0,6832.08,Luxury,Good
Home & Garden,4242.0,2.34,In Stock,5.0,4029.9,Mid-Range,Average
Home & Garden,412.0,3.05,Out of Stock,4.0,395.52,Budget,Good
Clothing,8716.0,3.25,In Stock,2.0,8541.68,Luxury,Good
Home & Garden,3740.0,3.05,In Stock,19.0,3029.4,Mid-Range,Good
Home & Garden,8395.0,1.73,In Stock,9.0,7639.45,Luxury,Poor
Home & Garden,6074.0,3.05,In Stock,43.0,3462.18,Premium,Good
Home & Garden,8761.0,3.98,Out of Stock,48.0,4555.72,Luxury,Good
Home & Garden,8892.0,1.97,In Stock,2.0,8714.16,Luxury,Poor
Home & Garden,7146.0,1.87,In Stock,28.0,5145.12,Premium,Poor
Home & Garden,7855.0,4.91,In Stock,21.0,6205.45,Luxury,Excellent
Home & Garden,7786.0,3.05,In Stock,39.0,4749.46,Luxury,Good
Home & Garden,2814.0,3.05,Out of Stock,32.0,1913.52,Mid-Range,Good
Home & Garden,4889.0,3.05,In Stock,49.0,2493.39,Mid-Range,Good
Home & Garden,3020.0,3.2,In Stock,12.0,2657.6,Mid-Range,Good
Clothing,5499.0,3.25,In Stock,4.0,5279.04,Premium,Good
Home & Garden,6620.0,3.87,Out of Stock,15.0,5627.0,Premium,Good
Home & Garden,7418.0,4.77,In Stock,24.0,5637.68,Premium,Excellent
Sports,7054.0,1.73,In Stock,4.0,6771.84,Premium,Poor
Home & Garden,6159.0,2.97,In Stock,36.0,3941.76,Premium,Average
Home & Garden,5620.0,4.96,In Stock,41.0,3315.8,Premium,Excellent
Home & Garden,9110.0,1.95,In Stock,25.0,6832.5,Luxury,Poor
Home & Garden,5804.0,3.05,In Stock,21.0,4585.16,Premium,Good
Home & Garden,9638.0,2.48,Out of Stock,17.0,7999.54,Luxury,Average
Home & Garden,6113.0,2.33,In Stock,25.0,4584.75,Premium,Average
Home & Garden,7330.0,1.25,In Stock,41.0,4324.7,Premium,Poor
Home & Garden,9447.0,3.05,Out of Stock,24.0,7179.72,Luxury,Good
Home & Garden,279.0,2.07,In Stock,3.0,270.63,Budget,Average
Home & Garden,3110.0,3.05,In Stock,14.0,2674.6,Mid-Range,Good
Sports,5217.0,4.83,Out of Stock,24.0,3964.92,Premium,Excellent
Home & Garden,7966.0,1.49,In Stock,6.0,7488.04,Luxury,Poor
Home & Garden,2041.0,3.05,In Stock,30.0,1428.7,Budget,Good
Home & Garden,8564.0,3.78,In Stock,34.0,5652.24,Luxury,Good
Clothing,8633.0,3.25,Out of Stock,1.0,8546.67,Luxury,Good
Home & Garden,6122.0,2.87,In Stock,20.0,4897.6,Premium,Average
Home & Garden,8025.0,3.05,Out of Stock,1.0,7944.75,Luxury,Good
Home & Garden,8356.0,3.34,In Stock,31.0,5765.64,Luxury,Good
Home & Garden,582.0,3.05,Out of Stock,44.0,325.92,Budget,Good
Electronics,5272.0,3.03,In Stock,26.0,3901.28,Premium,Good
Home & Garden,9480.0,3.05,Out of Stock,7.0,8816.4,Luxury,Good
Home & Garden,5191.0,3.05,In Stock,17.0,4308.53,Premium,Good
Home & Garden,6365.0,3.05,Out of Stock,10.0,5728.5,Premium,Good
Home & Garden,3440.0,3.05,In Stock,24.0,2614.4,Mid-Range,Good
Home & Garden,2122.0,3.05,Out of Stock,32.0,1442.96,Budget,Good
Clothing,8225.0,3.17,In Stock,35.0,5346.25,Luxury,Good
Home & Garden,5365.0,3.42,In Stock,24.0,4077.4,Premium,Good
Home & Garden,5131.0,3.05,In Stock,33.0,3437.77,Premium,Good
Home & Garden,4238.0,4.91,Out of Stock,5.0,4026.1,Mid-Range,Excellent
Home & Garden,8113.0,3.6,Out of Stock,6.0,7626.22,Luxury,Good
Home & Garden,5813.0,3.05,Out of Stock,49.0,2964.63,Premium,Good
Home & Garden,2512.0,2.42,Out of Stock,0.0,2512.0,Mid-Range,Average
Home & Garden,7929.0,3.05,Out of Stock,33.0,5312.43,Luxury,Good
Electronics,8567.0,3.03,Out of Stock,17.0,7110.61,Luxury,Good
Home & Garden,4939.0,2.8,In Stock,46.0,2667.06,Mid-Range,Average
Electronics,5317.0,3.19,In Stock,5.0,5051.15,Premium,Good
Electronics,8583.0,3.03,In Stock,39.0,5235.63,Luxury,Good
Home & Garden,5010.0,3.42,In Stock,9.0,4559.1,Premium,Good
Home & Garden,2795.0,4.01,Out of Stock,49.0,1425.45,Mid-Range,Excellent
Home & Garden,7491.0,3.05,In Stock,41.0,4419.69,Premium,Good
Home & Garden,7310.0,3.05,Out of Stock,18.0,5994.2,Premium,Good
Home & Garden,2779.0,4.88,In Stock,29.0,1973.09,Mid-Range,Excellent
Home & Garden,175.0,2.79,In Stock,9.0,159.25,Budget,Average
Home & Garden,549.0,4.5,In Stock,19.0,444.69,Budget,Excellent
Electronics,3800.0,3.03,Out of Stock,22.0,2964.0,Mid-Range,Good
Electronics,3755.0,3.03,In Stock,28.0,2703.6,Mid-Range,Good
Home & Garden,875.0,3.05,In Stock,33.0,586.25,Budget,Good
Home & Garden,2949.0,2.68,In Stock,39.0,1798.89,Mid-Range,Average
Clothing,3714.0,3.61,Out of Stock,24.5,2804.07,Mid-Range,Good
Electronics,8787.0,2.77,In Stock,23.0,6765.99,Luxury,Average
Sports,9250.0,3.24,Out of Stock,31.0,6382.5,Luxury,Good
Home & Garden,9007.0,4.09,In Stock,15.0,7655.95,Luxury,Excellent
Electronics,7034.0,3.03,In Stock,46.0,3798.36,Premium,Good
Home & Garden,9700.0,3.05,Out of Stock,5.0,9215.0,Luxury,Good
Home & Garden,136.0,4.92,In Stock,12.0,119.68,Budget,Excellent
Home & Garden,4624.0,4.04,In Stock,39.0,2820.64,Mid-Range,Excellent
Home & Garden,5942.0,3.05,In Stock,15.0,5050.7,Premium,Good
Home & Garden,5784.0,1.66,In Stock,23.0,4453.68,Premium,Poor
Home & Garden,5959.0,3.05,In Stock,29.0,4230.89,Premium,Good
Home & Garden,9876.0,4.46,Out of Stock,45.0,5431.8,Luxury,Excellent
Sports,1624.0,3.24,In Stock,43.0,925.68,Budget,Good
Home & Garden,4962.0,3.05,In Stock,2.0,4862.76,Mid-Range,Good
Home & Garden,5214.0,3.05,In Stock,29.0,3701.94,Premium,Good
Home & Garden,971.0,3.05,In Stock,37.0,611.73,Budget,Good
Home & Garden,1394.0,4.09,In Stock,32.0,947.92,Budget,Excellent
Electronics,8714.0,3.03,In Stock,4.0,8365.44,Luxury,Good
Home & Garden,7972.0,4.65,In Stock,24.0,6058.72,Luxury,Excellent
Home & Garden,1975.0,4.3,Out of Stock,14.0,1698.5,Budget,Excellent
Home & Garden,925.0,4.83,In Stock,29.0,656.75,Budget,Excellent
Home & Garden,1333.0,3.88,In Stock,38.0,826.46,Budget,Good
Home & Garden,7424.0,3.05,In Stock,28.0,5345.28,Premium,Good
Home & Garden,8544.0,3.05,In Stock,30.0,5980.8,Luxury,Good
Home & Garden,4378.0,3.05,In Stock,49.0,2232.78,Mid-Range,Good
Home & Garden,1617.0,3.05,In Stock,28.0,1164.24,Budget,Good
Electronics,4373.0,2.03,In Stock,26.0,3236.02,Mid-Range,Average
Electronics,550.0,1.8,In Stock,33.0,368.5,Budget,Poor
Clothing,1586.0,4.57,Out of Stock,9.0,1443.26,Budget,Excellent
Home & Garden,8115.0,3.05,Out of Stock,21.0,6410.85,Luxury,Good
Home & Garden,1997.0,2.05,In Stock,46.0,1078.38,Budget,Average
Clothing,2461.0,3.25,Out of Stock,18.0,2018.02,Budget,Good
Home & Garden,4962.0,3.05,Out of Stock,39.0,3026.82,Mid-Range,Good
Home & Garden,399.0,1.49,In Stock,23.0,307.23,Budget,Poor
Home & Garden,1220.0,4.02,In Stock,47.0,646.6,Budget,Excellent
Home & Garden,1730.0,3.05,Out of Stock,19.0,1401.3,Budget,Good
Home & Garden,2544.0,3.05,In Stock,32.0,1729.92,Mid-Range,Good
Home & Garden,9357.0,4.28,Out of Stock,45.0,5146.35,Luxury,Excellent
Clothing,8415.0,1.17,In Stock,41.0,4964.85,Luxury,Poor
Home & Garden,2581.0,3.5,In Stock,4.0,2477.76,Mid-Range,Good
Home & Garden,9679.0,3.18,In Stock,2.0,9485.42,Luxury,Good
Home & Garden,6790.0,3.05,Out of Stock,42.0,3938.2,Premium,Good
Home & Garden,9911.0,4.49,In Stock,46.0,5351.94,Luxury,Excellent
Home & Garden,3605.0,3.05,In Stock,44.0,2018.8,Mid-Range,Good
Home & Garden,5157.0,4.37,In Stock,32.0,3506.76,Premium,Excellent
Sports,341.0,1.9,In Stock,49.0,173.91,Budget,Poor
Home & Garden,9367.0,3.11,In Stock,18.0,7680.94,Luxury,Good
Home & Garden,9521.0,3.05,In Stock,7.0,8854.53,Luxury,Good
Home & Garden,7816.0,3.66,In Stock,4.0,7503.36,Luxury,Good
Home & Garden,4019.0,1.27,Out of Stock,0.0,4019.0,Mid-Range,Poor
Home & Garden,2699.0,2.16,Out of Stock,17.0,2240.17,Mid-Range,Average
Clothing,1092.0,3.25,In Stock,26.0,808.08,Budget,Good
Home & Garden,5404.0,4.09,Out of Stock,16.0,4539.36,Premium,Excellent
Clothing,981.0,3.25,Out of Stock,14.0,843.66,Budget,Good
Home & Garden,5067.0,3.05,In Stock,33.0,3394.89,Premium,Good
Home & Garden,7141.0,3.56,Out of Stock,2.0,6998.18,Premium,Good
Home & Garden,6885.0,2.85,In Stock,48.0,3580.2,Premium,Average
Home & Garden,9776.0,3.94,In Stock,21.0,7723.04,Luxury,Good
Clothing,8107.0,2.78,In Stock,39.0,4945.27,Luxury,Average
Home & Garden,2658.0,2.24,In Stock,24.0,2020.08,Mid-Range,Average
Clothing,2041.0,3.25,In Stock,40.0,1224.6,Budget,Good
Home & Garden,4962.0,3.05,Out of Stock,41.0,2927.58,Mid-Range,Good
Home & Garden,9666.0,3.05,In Stock,20.0,7732.8,Luxury,Good
Electronics,4313.0,4.97,In Stock,10.0,3881.7,Mid-Range,Excellent
Clothing,8865.0,3.25,Out of Stock,1.0,8776.35,Luxury,Good
Home & Garden,8835.0,3.05,In Stock,22.0,6891.3,Luxury,Good
Sports,5511.0,1.69,In Stock,39.0,3361.71,Premium,Poor
Home & Garden,7994.0,3.05,Out of Stock,15.0,6794.9,Luxury,Good
Electronics,8751.0,2.58,In Stock,46.0,4725.54,Luxury,Average
Home & Garden,8471.0,4.87,In Stock,14.0,7285.06,Luxury,Excellent
Home & Garden,7769.0,3.05,Out of Stock,7.0,7225.17,Luxury,Good
Home & Garden,4607.0,3.05,In Stock,49.0,2349.57,Mid-Range,Good
Home & Garden,6037.0,3.48,In Stock,49.0,3078.87,Premium,Good
Clothing,1706.0,3.25,Out of Stock,30.0,1194.2,Budget,Good
Home & Garden,9855.0,3.05,In Stock,31.0,6799.95,Luxury,Good
Home & Garden,5647.0,4.76,In Stock,25.0,4235.25,Premium,Excellent
Electronics,3191.0,3.03,In Stock,36.0,2042.24,Mid-Range,Good
Home & Garden,7637.0,3.05,In Stock,24.0,5804.12,Luxury,Good
Home & Garden,7393.0,3.05,In Stock,31.0,5101.17,Premium,Good
Home & Garden,2356.0,3.05,In Stock,14.0,2026.16,Budget,Good
Home & Garden,4639.0,3.05,In Stock,1.0,4592.61,Mid-Range,Good
Home & Garden,5654.0,1.59,In Stock,5.0,5371.3,Premium,Poor
Home & Garden,5148.0,3.05,In Stock,32.0,3500.64,Premium,Good
Home & Garden,1729.0,3.97,In Stock,31.0,1193.01,Budget,Good
Home & Garden,6617.0,3.05,In Stock,34.0,4367.22,Premium,Good
Home & Garden,2124.0,3.05,In Stock,31.0,1465.56,Budget,Good
Home & Garden,4154.0,4.98,In Stock,19.0,3364.74,Mid-Range,Excellent
Home & Garden,6627.0,3.05,Out of Stock,2.0,6494.46,Premium,Good
Sports,758.0,2.21,In Stock,46.0,409.32,Budget,Average
Home & Garden,7436.0,1.16,In Stock,20.0,5948.8,Premium,Poor
Home & Garden,5774.0,3.05,In Stock,47.0,3060.22,Premium,Good
Home & Garden,6923.0,4.21,In Stock,10.0,6230.7,Premium,Excellent
Home & Garden,6808.0,3.05,In Stock,19.0,5514.48,Premium,Good
Home & Garden,3779.0,1.11,In Stock,30.0,2645.3,Mid-Range,Poor
Sports,9354.0,3.49,Out of Stock,25.0,7015.5,Luxury,Good
Home & Garden,5193.0,3.05,In Stock,6.0,4881.42,Premium,Good
Home & Garden,279.0,4.86,Out of Stock,16.0,234.36,Budget,Excellent
Home & Garden,7119.0,5.0,Out of Stock,18.0,5837.58,Premium,Excellent
Home & Garden,4367.0,1.66,In Stock,17.0,3624.61,Mid-Range,Poor
Sports,939.0,2.58,Out of Stock,42.0,544.62,Budget,Average
Sports,4746.0,3.24,In Stock,21.0,3749.34,Mid-Range,Good
Home & Garden,5158.0,3.46,Out of Stock,39.0,3146.38,Premium,Good
Clothing,8931.0,4.73,In Stock,8.0,8216.52,Luxury,Excellent
Home & Garden,7005.0,3.05,In Stock,43.0,3992.85,Premium,Good
Home & Garden,9611.0,3.05,Out of Stock,17.0,7977.13,Luxury,Good
Home & Garden,6115.0,4.81,Out of Stock,49.0,3118.65,Premium,Excellent
Clothing,6062.0,3.25,Out of Stock,9.0,5516.42,Premium,Good
Home & Garden,470.0,4.14,Out of Stock,3.0,455.9,Budget,Excellent
Sports,1725.0,2.66,In Stock,26.0,1276.5,Budget,Average
Home & Garden,7227.0,1.24,In Stock,2.0,7082.46,Premium,Poor
Sports,5541.0,2.41,In Stock,34.0,3657.06,Premium,Average
Clothing,2136.0,4.13,Out of Stock,6.0,2007.84,Budget,Excellent
Home & Garden,8115.0,2.66,In Stock,19.0,6573.15,Luxury,Average
Clothing,2257.0,4.31,Out of Stock,24.5,1704.04,Budget,Excellent
Clothing,6816.0,3.25,In Stock,24.5,5146.08,Premium,Good
Home & Garden,6093.0,1.76,In Stock,27.0,4447.89,Premium,Poor
Home & Garden,6285.0,1.67,In Stock,12.0,5530.8,Premium,Poor
Home & Garden,4724.0,3.05,Out of Stock,35.0,3070.6,Mid-Range,Good
Home & Garden,5237.0,3.22,In Stock,33.0,3508.79,Premium,Good
Home & Garden,4027.0,4.94,Out of Stock,38.0,2496.74,Mid-Range,Excellent
Home & Garden,144.0,2.69,In Stock,31.0,99.36,Budget,Average
Home & Garden,4155.0,3.46,In Stock,27.0,3033.15,Mid-Range,Good
Home & Garden,2261.0,3.05,In Stock,13.0,1967.07,Budget,Good
Home & Garden,2396.0,2.91,Out of Stock,6.0,2252.24,Budget,Average
Home & Garden,2107.0,3.05,In Stock,24.0,1601.32,Budget,Good
Clothing,7482.0,3.25,Out of Stock,26.0,5536.68,Premium,Good
Electronics,1595.0,4.54,Out of Stock,23.0,1228.15,Budget,Excellent
Home & Garden,2585.0,1.36,In Stock,5.0,2455.75,Mid-Range,Poor
Home & Garden,4962.0,3.05,In Stock,25.0,3721.5,Mid-Range,Good
Clothing,2443.0,4.44,In Stock,27.0,1783.39,Budget,Excellent
Home & Garden,3541.0,3.05,In Stock,0.0,3541.0,Mid-Range,Good
Home & Garden,9439.0,3.05,In Stock,49.0,4813.89,Luxury,Good
Home & Garden,6099.0,3.05,Out of Stock,35.0,3964.35,Premium,Good
Home & Garden,3051.0,3.05,In Stock,27.0,2227.23,Mid-Range,Good
Home & Garden,7859.0,3.05,In Stock,45.0,4322.45,Luxury,Good
Clothing,8007.0,3.25,In Stock,14.0,6886.02,Luxury,Good
Home & Garden,8982.0,4.83,In Stock,46.0,4850.28,Luxury,Excellent
Home & Garden,6997.0,4.66,Out of Stock,33.0,4687.99,Premium,Excellent
Home & Garden,4886.0,1.29,In Stock,22.0,3811.08,Mid-Range,Poor
Clothing,1101.0,3.25,Out of Stock,42.0,638.58,Budget,Good
Home & Garden,7087.0,2.58,Out of Stock,24.0,5386.12,Premium,Average
Electronics,4989.0,3.03,Out of Stock,9.0,4539.99,Mid-Range,Good
Clothing,3214.0,3.25,In Stock,13.0,2796.18,Mid-Range,Good
Home & Garden,1708.0,3.52,Out of Stock,31.0,1178.52,Budget,Good
Home & Garden,2085.0,3.05,In Stock,49.0,1063.35,Budget,Good
Home & Garden,2449.0,3.05,In Stock,46.0,1322.46,Budget,Good
Clothing,6655.0,3.25,Out of Stock,46.0,3593.7,Premium,Good
Clothing,8720.0,3.25,In Stock,40.0,5232.0,Luxury,Good
Sports,8823.0,2.83,Out of Stock,33.0,5911.41,Luxury,Average
Home & Garden,9669.0,3.05,In Stock,27.0,7058.37,Luxury,Good
Home & Garden,8928.0,3.05,In Stock,22.0,6963.84,Luxury,Good
Home & Garden,3566.0,3.05,In Stock,6.0,3352.04,Mid-Range,Good
Clothing,8529.0,2.65,In Stock,27.0,6226.17,Luxury,Average
Home & Garden,5401.0,3.05,Out of Stock,13.0,4698.87,Premium,Good
Home & Garden,8545.0,4.81,Out of Stock,9.0,7775.95,Luxury,Excellent
Home & Garden,4399.0,3.29,Out of Stock,38.0,2727.38,Mid-Range,Good
Sports,1672.0,1.04,Out of Stock,4.0,1605.12,Budget,Poor
Home & Garden,2460.0,3.05,In Stock,8.0,2263.2,Budget,Good
Clothing,5499.0,3.25,Out of Stock,37.0,3464.37,Premium,Good
Electronics,7422.0,3.41,In Stock,26.0,5492.28,Premium,Good
Home & Garden,9341.0,3.8,In Stock,15.0,7939.85,Luxury,Good
Clothing,8003.0,3.25,In Stock,5.0,7602.85,Luxury,Good
Home & Garden,4234.0,3.05,In Stock,43.0,2413.38,Mid-Range,Good
Home & Garden,8860.0,3.21,In Stock,27.0,6467.8,Luxury,Good
Home & Garden,6733.0,3.05,Out of Stock,37.0,4241.79,Premium,Good
Home & Garden,3570.0,3.13,Out of Stock,34.0,2356.2,Mid-Range,Good
Home & Garden,4020.0,3.05,In Stock,17.0,3336.6,Mid-Range,Good
Home & Garden,6836.0,2.91,In Stock,17.0,5673.88,Premium,Average
Home & Garden,548.0,3.05,In Stock,0.0,548.0,Budget,Good
Home & Garden,8762.0,2.57,In Stock,17.0,7272.46,Luxury,Average
Electronics,4167.0,2.43,Out of Stock,22.0,3250.26,Mid-Range,Average
Electronics,5027.0,3.03,In Stock,30.0,3518.9,Premium,Good
Home & Garden,2526.0,3.3,In Stock,36.0,1616.64,Mid-Range,Good
Sports,5321.0,4.57,In Stock,1.0,5267.79,Premium,Excellent
Home & Garden,2052.0,3.61,In Stock,39.0,1251.72,Budget,Good
Home & Garden,3436.0,3.05,Out of Stock,19.0,2783.16,Mid-Range,Good
Home & Garden,5443.0,3.05,In Stock,5.0,5170.85,Premium,Good
Home & Garden,7630.0,3.48,In Stock,0.0,7630.0,Luxury,Good
Home & Garden,4494.0,3.05,In Stock,1.0,4449.06,Mid-Range,Good
Home & Garden,7813.0,3.84,In Stock,24.0,5937.88,Luxury,Good
Home & Garden,4924.0,1.09,Out of Stock,2.0,4825.52,Mid-Range,Poor
Home & Garden,324.0,3.05,In Stock,38.0,200.88,Budget,Good
Home & Garden,5355.0,3.05,In Stock,21.0,4230.45,Premium,Good
Home & Garden,2555.0,1.03,In Stock,24.0,1941.8,Mid-Range,Poor
Electronics,5949.0,4.89,In Stock,26.0,4402.26,Premium,Excellent
Home & Garden,2954.0,2.5,In Stock,15.0,2510.9,Mid-Range,Average
Home & Garden,2770.0,1.81,Out of Stock,45.0,1523.5,Mid-Range,Poor
Clothing,9487.0,2.03,In Stock,15.0,8063.95,Luxury,Average
Home & Garden,5901.0,3.94,Out of Stock,31.0,4071.69,Premium,Good
Home & Garden,6068.0,3.05,Out of Stock,38.0,3762.16,Premium,Good
Sports,2424.0,4.72,In Stock,49.0,1236.24,Budget,Excellent
Home & Garden,8598.0,3.05,In Stock,27.0,6276.54,Luxury,Good
Home & Garden,2313.0,4.31,Out of Stock,42.0,1341.54,Budget,Excellent
Home & Garden,1923.0,3.05,In Stock,21.0,1519.17,Budget,Good
Home & Garden,7892.0,3.05,In Stock,42.0,4577.36,Luxury,Good
Home & Garden,3796.0,3.05,Out of Stock,10.0,3416.4,Mid-Range,Good
Home & Garden,6807.0,4.2,In Stock,9.0,6194.37,Premium,Excellent
Home & Garden,6671.0,3.05,Out of Stock,27.0,4869.83,Premium,Good
Home & Garden,9874.0,3.88,In Stock,5.0,9380.3,Luxury,Good
Sports,9847.0,3.67,Out of Stock,49.0,5021.97,Luxury,Good
Clothing,843.0,2.75,Out of Stock,48.0,438.36,Budget,Average
Clothing,7421.0,3.25,Out of Stock,32.0,5046.28,Premium,Good
Electronics,5709.0,3.03,In Stock,48.0,2968.68,Premium,Good
Home & Garden,3561.0,3.39,In Stock,24.0,2706.36,Mid-Range,Good
Home & Garden,8954.0,2.53,In Stock,44.0,5014.24,Luxury,Average
Electronics,7779.0,3.03,In Stock,29.0,5523.09,Luxury,Good
Home & Garden,8030.0,4.39,Out of Stock,20.0,6424.0,Luxury,Excellent
Clothing,6525.0,3.25,Out of Stock,24.5,4926.38,Premium,Good
Home & Garden,8230.0,2.41,Out of Stock,29.0,5843.3,Luxury,Average
Home & Garden,5788.0,3.05,In Stock,11.0,5151.32,Premium,Good
Home & Garden,1556.0,1.43,In Stock,24.0,1182.56,Budget,Poor
Home & Garden,4962.0,3.05,Out of Stock,21.0,3919.98,Mid-Range,Good
Home & Garden,4436.0,4.73,In Stock,49.0,2262.36,Mid-Range,Excellent
Clothing,6236.0,3.25,Out of Stock,4.0,5986.56,Premium,Good
Home & Garden,3283.0,3.05,Out of Stock,9.0,2987.53,Mid-Range,Good
Sports,2999.0,4.43,In Stock,40.0,1799.4,Mid-Range,Excellent
Home & Garden,4962.0,2.18,In Stock,0.0,4962.0,Mid-Range,Average
